{
  "type": "FeatureCollection",
  "_license": "Public Domain — Natural Earth (naturalearthdata.com)",
  "features": [
    {
      "type": "Feature",
      "geometry": {
        "type": "MultiLineString",
        "coordinates": [
          [
            [
              89.060404,
              22.129811
            ],
            [
              89.05506,
              22.117307
            ],
            [
              89.051391,
              22.101236
            ],
            [
              89.04891,
              22.07886
            ],
            [
              89.056352,
              22.054055
            ],
            [
              89.063793,
              22.03292
            ],
            [
              89.072475,
              22.016797
            ],
            [
              89.076454,
              21.992457
            ],
            [
              89.074955,
              21.957162
            ],
            [
              89.069994,
              21.936078
            ],
            [
              89.056352,
              21.927397
            ],
            [
              89.026483,
              21.916234
            ],
            [
              89.026483,
              21.883937
            ],
            [
              89.040229,
              21.789627
            ],
            [
              89.072785,
              21.739449
            ],
            [
              89.107201,
              21.696248
            ],
            [
              89.133815,
              21.645812
            ]
          ]
        ]
      },
      "properties": {
        "name": "India–Bangladesh border (north)",
        "name:en": "India–Bangladesh border (north)",
        "disputed": false,
        "admin_level": 2
      }
    },
    {
      "type": "Feature",
      "geometry": {
        "type": "MultiLineString",
        "coordinates": [
          [
            [
              92.575879,
              21.977574
            ],
            [
              92.575155,
              21.986566
            ],
            [
              92.573088,
              21.995403
            ],
            [
              92.559962,
              22.061342
            ],
            [
              92.537328,
              22.128625
            ],
            [
              92.549317,
              22.138495
            ],
            [
              92.5642,
              22.13834
            ],
            [
              92.575568,
              22.143301
            ],
            [
              92.577015,
              22.168674
            ],
            [
              92.518931,
              22.495372
            ],
            [
              92.517381,
              22.51258
            ],
            [
              92.504565,
              22.543793
            ],
            [
              92.500844,
              22.560536
            ],
            [
              92.502911,
              22.618621
            ],
            [
              92.495883,
              22.695618
            ],
            [
              92.491543,
              22.71107
            ],
            [
              92.480691,
              22.726159
            ],
            [
              92.453715,
              22.747967
            ],
            [
              92.442037,
              22.762927
            ],
            [
              92.435009,
              22.793287
            ],
            [
              92.426327,
              22.87106
            ],
            [
              92.411858,
              22.887932
            ],
            [
              92.378681,
              22.900438
            ],
            [
              92.359871,
              22.926612
            ],
            [
              92.352223,
              22.960331
            ],
            [
              92.35305,
              23.029913
            ],
            [
              92.327625,
              23.171429
            ],
            [
              92.328555,
              23.211194
            ],
            [
              92.332689,
              23.226258
            ],
            [
              92.350673,
              23.260984
            ],
            [
              92.357494,
              23.278942
            ],
            [
              92.356874,
              23.289122
            ],
            [
              92.352223,
              23.298837
            ],
            [
              92.347055,
              23.315426
            ],
            [
              92.346745,
              23.325296
            ],
            [
              92.349536,
              23.344959
            ],
            [
              92.348606,
              23.354105
            ],
            [
              92.344885,
              23.359118
            ],
            [
              92.331656,
              23.368652
            ],
            [
              92.326695,
              23.375267
            ],
            [
              92.325351,
              23.382166
            ],
            [
              92.326901,
              23.396015
            ],
            [
              92.325351,
              23.403508
            ],
            [
              92.31977,
              23.412164
            ],
            [
              92.306748,
              23.423869
            ],
            [
              92.301477,
              23.431801
            ],
            [
              92.296826,
              23.44658
            ],
            [
              92.291038,
              23.495285
            ],
            [
              92.252797,
              23.609309
            ],
            [
              92.250007,
              23.642615
            ],
            [
              92.261686,
              23.685119
            ],
            [
              92.259737,
              23.702641
            ],
            [
              92.259309,
              23.706487
            ],
            [
              92.238741,
              23.716848
            ],
            [
              92.222102,
              23.707779
            ],
            [
              92.209389,
              23.661606
            ],
            [
              92.1943,
              23.648144
            ],
            [
              92.180761,
              23.665378
            ],
            [
              92.170632,
              23.703645
            ],
            [
              92.150788,
              23.731653
            ],
            [
              92.108414,
              23.718243
            ],
            [
              92.092187,
              23.701345
            ],
            [
              92.059631,
              23.659487
            ],
            [
              92.042371,
              23.64556
            ],
            [
              92.019013,
              23.640057
            ],
            [
              92.00351,
              23.647421
            ],
            [
              91.961652,
              23.691139
            ],
            [
              91.949147,
              23.709768
            ],
            [
              91.936641,
              23.72354
            ],
            [
              91.922688,
              23.722972
            ],
            [
              91.916487,
              23.709872
            ],
            [
              91.91442,
              23.688323
            ],
            [
              91.915971,
              23.65016
            ],
            [
              91.942325,
              23.53443
            ],
            [
              91.940775,
              23.495182
            ],
            [
              91.918141,
              23.459939
            ],
            [
              91.905118,
              23.446632
            ],
            [
              91.889099,
              23.435935
            ],
            [
              91.833805,
              23.413895
            ],
            [
              91.817682,
              23.400924
            ],
            [
              91.791637,
              23.368342
            ],
            [
              91.762595,
              23.321549
            ],
            [
              91.743681,
              23.272327
            ],
            [
              91.749159,
              23.232407
            ],
            [
              91.763938,
              23.200626
            ],
            [
              91.779028,
              23.131767
            ],
            [
              91.791947,
              23.101149
            ],
            [
              91.795564,
              23.089496
            ],
            [
              91.791327,
              23.080375
            ],
            [
              91.776237,
              23.06526
            ],
            [
              91.773757,
              23.064898
            ],
            [
              91.764248,
              23.065647
            ],
            [
              91.760941,
              23.065492
            ],
            [
              91.75598,
              23.061539
            ],
            [
              91.755567,
              23.056837
            ],
            [
              91.75629,
              23.05216
            ],
            [
              91.75505,
              23.048233
            ],
            [
              91.738307,
              23.024668
            ],
            [
              91.731279,
              23.01733
            ],
            [
              91.714432,
              23.003119
            ],
            [
              91.706991,
              22.995368
            ],
            [
              91.694692,
              22.988133
            ],
            [
              91.667614,
              22.982629
            ],
            [
              91.654074,
              22.978056
            ],
            [
              91.646943,
              22.976583
            ],
            [
              91.639915,
              22.978004
            ],
            [
              91.632784,
              22.980304
            ],
            [
              91.625756,
              22.981544
            ],
            [
              91.616661,
              22.978056
            ],
            [
              91.61201,
              22.969839
            ],
            [
              91.608289,
              22.960331
            ],
            [
              91.602398,
              22.952967
            ],
            [
              91.586068,
              22.944466
            ],
            [
              91.582968,
              22.947903
            ],
            [
              91.583071,
              22.957799
            ],
            [
              91.576766,
              22.968806
            ],
            [
              91.563124,
              22.974981
            ],
            [
              91.549791,
              22.977229
            ],
            [
              91.536562,
              22.981854
            ],
            [
              91.523643,
              22.995213
            ],
            [
              91.519406,
              23.005625
            ],
            [
              91.518165,
              23.035081
            ],
            [
              91.515582,
              23.038802
            ],
            [
              91.506073,
              23.041179
            ],
            [
              91.503283,
              23.044408
            ],
            [
              91.498115,
              23.069962
            ],
            [
              91.475067,
              23.143085
            ],
            [
              91.470416,
              23.153291
            ],
            [
              91.463595,
              23.184116
            ],
            [
              91.461218,
              23.184426
            ],
            [
              91.446438,
              23.197887
            ],
            [
              91.445405,
              23.203029
            ],
            [
              91.446748,
              23.208791
            ],
            [
              91.446438,
              23.215535
            ],
            [
              91.439927,
              23.223519
            ],
            [
              91.439617,
              23.22264
            ],
            [
              91.436207,
              23.215716
            ],
            [
              91.436517,
              23.214863
            ],
            [
              91.428145,
              23.229513
            ],
            [
              91.413572,
              23.248634
            ],
            [
              91.394349,
              23.262664
            ],
            [
              91.372128,
              23.261889
            ],
            [
              91.360966,
              23.247523
            ],
            [
              91.355695,
              23.224139
            ],
            [
              91.355901,
              23.179646
            ],
            [
              91.374608,
              23.095723
            ],
            [
              91.370887,
              23.062779
            ],
            [
              91.337401,
              23.071074
            ],
            [
              91.313527,
              23.101046
            ],
            [
              91.300504,
              23.142309
            ],
            [
              91.27725,
              23.303256
            ],
            [
              91.272909,
              23.313488
            ],
            [
              91.267535,
              23.321549
            ],
            [
              91.265778,
              23.329352
            ],
            [
              91.272909,
              23.338499
            ],
            [
              91.282934,
              23.347646
            ],
            [
              91.287275,
              23.355552
            ],
            [
              91.283968,
              23.361443
            ],
            [
              91.270945,
              23.364596
            ],
            [
              91.25813,
              23.373639
            ],
            [
              91.247898,
              23.393767
            ],
            [
              91.234462,
              23.436271
            ],
            [
              91.229707,
              23.461179
            ],
            [
              91.22733,
              23.468775
            ],
            [
              91.220819,
              23.477896
            ],
            [
              91.203352,
              23.487921
            ],
            [
              91.195084,
              23.495182
            ],
            [
              91.185886,
              23.511563
            ],
            [
              91.177514,
              23.544275
            ],
            [
              91.169866,
              23.561974
            ],
            [
              91.140824,
              23.6121
            ],
            [
              91.136276,
              23.629515
            ],
            [
              91.139687,
              23.65357
            ],
            [
              91.152296,
              23.655095
            ],
            [
              91.166456,
              23.654087
            ],
            [
              91.175241,
              23.670313
            ],
            [
              91.168936,
              23.685377
            ],
            [
              91.1524,
              23.69101
            ],
            [
              91.136587,
              23.69889
            ],
            [
              91.132349,
              23.720646
            ],
            [
              91.141754,
              23.739896
            ],
            [
              91.157567,
              23.744986
            ],
            [
              91.176584,
              23.746536
            ],
            [
              91.194981,
              23.755166
            ],
            [
              91.205213,
              23.771573
            ],
            [
              91.225263,
              23.826144
            ],
            [
              91.228157,
              23.84498
            ],
            [
              91.224023,
              23.857485
            ],
            [
              91.212758,
              23.88074
            ],
            [
              91.211931,
              23.89446
            ],
            [
              91.216272,
              23.908387
            ],
            [
              91.250378,
              23.964042
            ],
            [
              91.26092,
              23.977271
            ],
            [
              91.274149,
              23.988227
            ],
            [
              91.291616,
              23.994816
            ],
            [
              91.304948,
              23.99386
            ],
            [
              91.308433,
              23.992501
            ],
            [
              91.316214,
              23.989467
            ],
            [
              91.327066,
              23.987865
            ],
            [
              91.339055,
              23.995229
            ],
            [
              91.349287,
              24.036053
            ],
            [
              91.350837,
              24.074242
            ],
            [
              91.363033,
              24.099848
            ],
            [
              91.404581,
              24.103129
            ],
            [
              91.480442,
              24.088014
            ],
            [
              91.517545,
              24.085198
            ],
            [
              91.55868,
              24.089668
            ],
            [
              91.581831,
              24.096101
            ],
            [
              91.596507,
              24.10499
            ],
            [
              91.606015,
              24.118865
            ],
            [
              91.613767,
              24.140104
            ],
            [
              91.624515,
              24.203459
            ],
            [
              91.629063,
              24.215319
            ],
            [
              91.639502,
              24.211702
            ],
            [
              91.657175,
              24.171368
            ],
            [
              91.666167,
              24.155917
            ],
            [
              91.68415,
              24.145478
            ],
            [
              91.703684,
              24.142946
            ],
            [
              91.72115,
              24.148992
            ],
            [
              91.732623,
              24.164314
            ],
            [
              91.732002,
              24.181678
            ],
            [
              91.725801,
              24.202064
            ],
            [
              91.723011,
              24.220977
            ],
            [
              91.732933,
              24.234284
            ],
            [
              91.796598,
              24.221598
            ],
            [
              91.807037,
              24.221133
            ],
            [
              91.809724,
              24.214544
            ],
            [
              91.811377,
              24.192039
            ],
            [
              91.813755,
              24.183124
            ],
            [
              91.844244,
              24.155323
            ],
            [
              91.864501,
              24.150594
            ],
            [
              91.87711,
              24.158036
            ],
            [
              91.884345,
              24.175554
            ],
            [
              91.905945,
              24.260639
            ],
            [
              91.906875,
              24.280354
            ],
            [
              91.896437,
              24.320119
            ],
            [
              91.899847,
              24.33805
            ],
            [
              91.921862,
              24.34451
            ],
            [
              91.930957,
              24.336965
            ],
            [
              91.953074,
              24.322987
            ],
            [
              91.972194,
              24.316062
            ],
            [
              91.971368,
              24.329679
            ],
            [
              91.948837,
              24.363527
            ],
            [
              91.949974,
              24.375387
            ],
            [
              92.033379,
              24.36885
            ],
            [
              92.062732,
              24.37102
            ],
            [
              92.08826,
              24.38164
            ],
            [
              92.107587,
              24.405979
            ],
            [
              92.111204,
              24.434298
            ],
            [
              92.105933,
              24.49525
            ],
            [
              92.110894,
              24.514293
            ],
            [
              92.123193,
              24.525378
            ],
            [
              92.138593,
              24.533723
            ],
            [
              92.14998,
              24.542183
            ],
            [
              92.153165,
              24.544549
            ],
            [
              92.163604,
              24.5592
            ],
            [
              92.168875,
              24.574315
            ],
            [
              92.173422,
              24.608396
            ],
            [
              92.182931,
              24.647256
            ],
            [
              92.233781,
              24.777533
            ],
            [
              92.236468,
              24.793036
            ],
            [
              92.236881,
              24.80859
            ],
            [
              92.235021,
              24.824765
            ],
            [
              92.234928,
              24.824991
            ],
            [
              92.221792,
              24.856908
            ],
            [
              92.221759,
              24.857047
            ],
            [
              92.217658,
              24.874581
            ],
            [
              92.223032,
              24.891376
            ],
            [
              92.252177,
              24.902977
            ],
            [
              92.290245,
              24.891351
            ],
            [
              92.290418,
              24.891298
            ],
            [
              92.358146,
              24.853749
            ],
            [
              92.358321,
              24.853652
            ],
            [
              92.359321,
              24.846428
            ],
            [
              92.359354,
              24.846185
            ],
            [
              92.363507,
              24.84112
            ],
            [
              92.363592,
              24.841017
            ],
            [
              92.37093,
              24.837917
            ],
            [
              92.380748,
              24.836702
            ],
            [
              92.442037,
              24.855409
            ],
            [
              92.477693,
              24.86391
            ],
            [
              92.491543,
              24.883728
            ],
            [
              92.49454,
              24.894864
            ],
            [
              92.491336,
              24.912279
            ],
            [
              92.491267,
              24.912424
            ],
            [
              92.483791,
              24.928221
            ],
            [
              92.474386,
              24.93667
            ],
            [
              92.474272,
              24.936715
            ],
            [
              92.449788,
              24.946437
            ],
            [
              92.449814,
              24.946458
            ],
            [
              92.450028,
              24.946636
            ],
            [
              92.458056,
              24.953284
            ],
            [
              92.457828,
              24.953558
            ],
            [
              92.454026,
              24.958116
            ],
            [
              92.453769,
              24.958231
            ],
            [
              92.444517,
              24.962379
            ],
            [
              92.444446,
              24.962427
            ],
            [
              92.412478,
              24.984083
            ],
            [
              92.41246,
              24.984361
            ],
            [
              92.412271,
              24.987391
            ],
            [
              92.41214,
              24.987434
            ],
            [
              92.41186,
              24.987527
            ],
            [
              92.394701,
              24.99323
            ],
            [
              92.38695,
              24.99509
            ],
            [
              92.386926,
              24.995202
            ],
            [
              92.386876,
              24.995444
            ],
            [
              92.384937,
              25.004773
            ],
            [
              92.381058,
              25.023435
            ],
            [
              92.356254,
              25.037
            ],
            [
              92.328142,
              25.048007
            ],
            [
              92.312122,
              25.0686
            ],
            [
              92.303544,
              25.074285
            ],
            [
              92.251557,
              25.080796
            ],
            [
              92.233677,
              25.084956
            ],
            [
              92.220138,
              25.090382
            ],
            [
              92.208046,
              25.098107
            ],
            [
              92.194093,
              25.109166
            ],
            [
              92.17921,
              25.126684
            ],
            [
              92.172699,
              25.131955
            ],
            [
              92.164741,
              25.133557
            ],
            [
              92.150995,
              25.129733
            ],
            [
              92.145517,
              25.131697
            ],
            [
              92.138593,
              25.1364
            ],
            [
              92.124123,
              25.136968
            ],
            [
              92.116165,
              25.139449
            ],
            [
              92.110377,
              25.144875
            ],
            [
              92.100455,
              25.159086
            ],
            [
              92.092911,
              25.164718
            ],
            [
              92.066039,
              25.174537
            ],
            [
              92.033999,
              25.181668
            ],
            [
              92.001753,
              25.18296
            ],
            [
              91.975088,
              25.175364
            ],
            [
              91.956278,
              25.169783
            ],
            [
              91.900571,
              25.177586
            ],
            [
              91.793704,
              25.165338
            ],
            [
              91.745335,
              25.169369
            ],
            [
              91.730142,
              25.167457
            ],
            [
              91.723734,
              25.161928
            ],
            [
              91.71774,
              25.149836
            ],
            [
              91.710712,
              25.144668
            ],
            [
              91.701823,
              25.147148
            ],
            [
              91.688904,
              25.152988
            ],
            [
              91.677432,
              25.152626
            ],
            [
              91.672264,
              25.136503
            ],
            [
              91.662033,
              25.127201
            ],
            [
              91.638675,
              25.124049
            ],
            [
              91.613147,
              25.125134
            ],
            [
              91.596197,
              25.128907
            ],
            [
              91.580177,
              25.140895
            ],
            [
              91.573459,
              25.152264
            ],
            [
              91.566121,
              25.159964
            ],
            [
              91.548758,
              25.161101
            ],
            [
              91.540179,
              25.157639
            ],
            [
              91.523436,
              25.145185
            ],
            [
              91.511654,
              25.142497
            ],
            [
              91.500905,
              25.141154
            ],
            [
              91.480752,
              25.135263
            ],
            [
              91.471036,
              25.133919
            ],
            [
              91.431866,
              25.13795
            ],
            [
              91.283968,
              25.178981
            ],
            [
              91.235702,
              25.201925
            ],
            [
              91.224953,
              25.201615
            ],
            [
              91.203146,
              25.191332
            ],
            [
              91.190847,
              25.189471
            ],
            [
              91.135346,
              25.191228
            ],
            [
              90.975149,
              25.167819
            ],
            [
              90.94342,
              25.157432
            ],
            [
              90.934821,
              25.15636
            ],
            [
              90.82198,
              25.142291
            ],
            [
              90.793972,
              25.145391
            ],
            [
              90.779399,
              25.151954
            ],
            [
              90.766893,
              25.160533
            ],
            [
              90.753974,
              25.167561
            ],
            [
              90.737955,
              25.169421
            ],
            [
              90.732684,
              25.166889
            ],
            [
              90.722038,
              25.156605
            ],
            [
              90.716354,
              25.153556
            ],
            [
              90.707672,
              25.152988
            ],
            [
              90.670568,
              25.158776
            ],
            [
              90.648968,
              25.167819
            ],
            [
              90.637599,
              25.171075
            ],
            [
              90.62344,
              25.171436
            ],
            [
              90.583339,
              25.162031
            ],
            [
              90.50138,
              25.168801
            ],
            [
              90.399784,
              25.149009
            ],
            [
              90.364644,
              25.149991
            ],
            [
              90.286923,
              25.180066
            ],
            [
              90.130085,
              25.211589
            ],
            [
              89.908134,
              25.296907
            ],
            [
              89.870204,
              25.295563
            ],
            [
              89.834599,
              25.282437
            ],
            [
              89.819044,
              25.284969
            ],
            [
              89.807365,
              25.304503
            ],
            [
              89.798529,
              25.340056
            ],
            [
              89.795015,
              25.374163
            ],
            [
              89.799234,
              25.402893
            ],
            [
              89.800699,
              25.412869
            ],
            [
              89.808568,
              25.439507
            ],
            [
              89.82323,
              25.489143
            ],
            [
              89.82509,
              25.564487
            ],
            [
              89.834392,
              25.634767
            ],
            [
              89.824212,
              25.674093
            ],
            [
              89.801526,
              25.724684
            ],
            [
              89.783129,
              25.814446
            ],
            [
              89.786953,
              25.839147
            ],
            [
              89.830051,
              25.90798
            ],
            [
              89.834392,
              25.931752
            ],
            [
              89.826434,
              25.937488
            ],
            [
              89.810724,
              25.93878
            ],
            [
              89.792017,
              25.949115
            ],
            [
              89.811551,
              25.955213
            ],
            [
              89.825607,
              25.965703
            ],
            [
              89.828656,
              25.979397
            ],
            [
              89.815272,
              25.995107
            ],
            [
              89.814135,
              25.99614
            ],
            [
              89.812688,
              25.996347
            ],
            [
              89.811034,
              25.996037
            ],
            [
              89.809329,
              25.99521
            ],
            [
              89.809174,
              25.995107
            ],
            [
              89.808864,
              25.995107
            ],
            [
              89.802043,
              25.988647
            ],
            [
              89.795531,
              25.98596
            ],
            [
              89.789434,
              25.987976
            ],
            [
              89.783956,
              25.995107
            ],
            [
              89.776411,
              26.008233
            ],
            [
              89.755844,
              26.032417
            ],
            [
              89.750211,
              26.041564
            ],
            [
              89.748713,
              26.059031
            ],
            [
              89.751141,
              26.071536
            ],
            [
              89.749849,
              26.083887
            ],
            [
              89.736724,
              26.100579
            ],
            [
              89.728766,
              26.114169
            ],
            [
              89.724321,
              26.130654
            ],
            [
              89.718482,
              26.145537
            ],
            [
              89.706545,
              26.154167
            ],
            [
              89.697656,
              26.154787
            ],
            [
              89.677709,
              26.153133
            ],
            [
              89.670371,
              26.154115
            ],
            [
              89.658175,
              26.159231
            ],
            [
              89.655798,
              26.161298
            ],
            [
              89.657245,
              26.165381
            ],
            [
              89.657829,
              26.187174
            ],
            [
              89.658382,
              26.207859
            ],
            [
              89.653008,
              26.22269
            ],
            [
              89.634921,
              26.225842
            ],
            [
              89.61332,
              26.219383
            ],
            [
              89.606396,
              26.211011
            ],
            [
              89.608463,
              26.180677
            ],
            [
              89.615284,
              26.169101
            ],
            [
              89.614406,
              26.164192
            ],
            [
              89.593993,
              26.169722
            ],
            [
              89.586759,
              26.169205
            ],
            [
              89.579937,
              26.166104
            ],
            [
              89.573426,
              26.16073
            ],
            [
              89.562781,
              26.142591
            ],
            [
              89.569395,
              26.130086
            ],
            [
              89.585777,
              26.122903
            ],
            [
              89.604225,
              26.120732
            ],
            [
              89.592546,
              26.113963
            ],
            [
              89.57787,
              26.107245
            ],
            [
              89.566915,
              26.098977
            ],
            [
              89.567018,
              26.087091
            ],
            [
              89.57694,
              26.082647
            ],
            [
              89.590789,
              26.085024
            ],
            [
              89.603864,
              26.084662
            ],
            [
              89.611357,
              26.072208
            ],
            [
              89.602882,
              26.055258
            ],
            [
              89.559163,
              26.022237
            ],
            [
              89.550689,
              25.995055
            ],
            [
              89.551825,
              25.981516
            ],
            [
              89.549087,
              25.968855
            ],
            [
              89.541697,
              25.959709
            ],
            [
              89.528416,
              25.957125
            ],
            [
              89.518184,
              25.962086
            ],
            [
              89.509451,
              25.972628
            ],
            [
              89.495343,
              25.995055
            ],
            [
              89.490641,
              25.997329
            ],
            [
              89.485628,
              25.998724
            ],
            [
              89.480615,
              25.999241
            ],
            [
              89.426407,
              25.995055
            ],
            [
              89.426407,
              25.995004
            ],
            [
              89.426355,
              25.994952
            ],
            [
              89.426355,
              25.9949
            ],
            [
              89.421187,
              25.993195
            ],
            [
              89.416123,
              25.992626
            ],
            [
              89.411266,
              25.993195
            ],
            [
              89.406615,
              25.995055
            ],
            [
              89.391422,
              26.015467
            ],
            [
              89.379743,
              26.015312
            ],
            [
              89.367754,
              26.005442
            ],
            [
              89.351476,
              25.996864
            ],
            [
              89.335301,
              25.998569
            ],
            [
              89.315147,
              26.006786
            ],
            [
              89.296906,
              26.018155
            ],
            [
              89.272979,
              26.043476
            ],
            [
              89.237633,
              26.0581
            ],
            [
              89.229261,
              26.067196
            ],
            [
              89.22306,
              26.086574
            ],
            [
              89.212621,
              26.098977
            ],
            [
              89.197842,
              26.10771
            ],
            [
              89.131593,
              26.133755
            ],
            [
              89.11919,
              26.146622
            ],
            [
              89.111697,
              26.164502
            ],
            [
              89.103377,
              26.22517
            ],
            [
              89.095884,
              26.241035
            ],
            [
              89.075885,
              26.271059
            ],
            [
              89.069426,
              26.287389
            ],
            [
              89.068857,
              26.314261
            ],
            [
              89.08033,
              26.315604
            ],
            [
              89.094799,
              26.309506
            ],
            [
              89.103532,
              26.313692
            ],
            [
              89.102912,
              26.327335
            ],
            [
              89.095729,
              26.334518
            ],
            [
              89.071855,
              26.340616
            ],
            [
              89.055215,
              26.347023
            ],
            [
              89.054078,
              26.353948
            ],
            [
              89.057282,
              26.36263
            ],
            [
              89.052631,
              26.374619
            ],
            [
              89.043743,
              26.381078
            ],
            [
              89.02178,
              26.386246
            ],
            [
              89.010877,
              26.390173
            ],
            [
              89.001781,
              26.39715
            ],
            [
              88.986537,
              26.412704
            ],
            [
              88.975323,
              26.417872
            ],
            [
              88.959303,
              26.428569
            ],
            [
              88.950157,
              26.43694
            ],
            [
              88.94101,
              26.439421
            ],
            [
              88.924577,
              26.432135
            ],
            [
              88.911968,
              26.421231
            ],
            [
              88.899462,
              26.404488
            ],
            [
              88.891246,
              26.385781
            ],
            [
              88.891866,
              26.368779
            ],
            [
              88.912433,
              26.348935
            ],
            [
              88.941217,
              26.340099
            ],
            [
              88.966021,
              26.328472
            ],
            [
              88.975323,
              26.299946
            ],
            [
              88.981731,
              26.291833
            ],
            [
              88.989689,
              26.289404
            ],
            [
              88.998629,
              26.291523
            ],
            [
              89.007983,
              26.297156
            ],
            [
              89.004365,
              26.27571
            ],
            [
              89.0116,
              26.269199
            ],
            [
              89.023537,
              26.268837
            ],
            [
              89.034338,
              26.265788
            ],
            [
              89.039712,
              26.247185
            ],
            [
              89.019455,
              26.234472
            ],
            [
              88.975323,
              26.224344
            ],
            [
              88.946849,
              26.232922
            ],
            [
              88.902718,
              26.272919
            ],
            [
              88.875794,
              26.277364
            ],
            [
              88.855641,
              26.265116
            ],
            [
              88.840654,
              26.232043
            ],
            [
              88.824841,
              26.226566
            ],
            [
              88.807995,
              26.233439
            ],
            [
              88.798486,
              26.24765
            ],
            [
              88.792027,
              26.2646
            ],
            [
              88.784017,
              26.279947
            ],
            [
              88.747947,
              26.292505
            ],
            [
              88.663404,
              26.264444
            ],
            [
              88.645834,
              26.27602
            ],
            [
              88.653276,
              26.2831
            ],
            [
              88.690121,
              26.299843
            ],
            [
              88.702988,
              26.309661
            ],
            [
              88.712238,
              26.328265
            ],
            [
              88.709706,
              26.340616
            ],
            [
              88.69627,
              26.350279
            ],
            [
              88.673378,
              26.360718
            ],
            [
              88.667435,
              26.368159
            ],
            [
              88.66852,
              26.385729
            ],
            [
              88.661079,
              26.388881
            ],
            [
              88.652242,
              26.391517
            ],
            [
              88.649865,
              26.39839
            ],
            [
              88.651932,
              26.407071
            ],
            [
              88.656273,
              26.415133
            ],
            [
              88.633018,
              26.420094
            ],
            [
              88.622373,
              26.424538
            ],
            [
              88.611521,
              26.430843
            ],
            [
              88.603563,
              26.440196
            ],
            [
              88.597878,
              26.451461
            ],
            [
              88.591161,
              26.461228
            ],
            [
              88.579172,
              26.466034
            ],
            [
              88.557984,
              26.465724
            ],
            [
              88.549768,
              26.466654
            ],
            [
              88.526823,
              26.475388
            ],
            [
              88.506825,
              26.487635
            ],
            [
              88.49866,
              26.49487
            ],
            [
              88.487911,
              26.505773
            ],
            [
              88.475405,
              26.514972
            ],
            [
              88.462383,
              26.528821
            ],
            [
              88.446467,
              26.535539
            ],
            [
              88.411016,
              26.545099
            ],
            [
              88.397891,
              26.55869
            ],
            [
              88.394997,
              26.578379
            ],
            [
              88.395927,
              26.599566
            ],
            [
              88.394377,
              26.618015
            ],
            [
              88.385282,
              26.623544
            ],
            [
              88.372518,
              26.611607
            ],
            [
              88.36027,
              26.593107
            ],
            [
              88.352829,
              26.578689
            ],
            [
              88.332365,
              26.514662
            ],
            [
              88.319342,
              26.494921
            ],
            [
              88.319342,
              26.49487
            ],
            [
              88.313865,
              26.481537
            ],
            [
              88.315105,
              26.465052
            ],
            [
              88.322546,
              26.451772
            ],
            [
              88.335621,
              26.448206
            ],
            [
              88.34022,
              26.454149
            ],
            [
              88.34301,
              26.477196
            ],
            [
              88.346524,
              26.484018
            ],
            [
              88.353552,
              26.484586
            ],
            [
              88.37691,
              26.475336
            ],
            [
              88.434581,
              26.465156
            ],
            [
              88.461143,
              26.45389
            ],
            [
              88.475405,
              26.432031
            ],
            [
              88.495456,
              26.378081
            ],
            [
              88.497626,
              26.352708
            ],
            [
              88.475405,
              26.355808
            ],
            [
              88.467912,
              26.354051
            ],
            [
              88.45799,
              26.353018
            ],
            [
              88.448637,
              26.353431
            ],
            [
              88.442022,
              26.356118
            ],
            [
              88.431687,
              26.362216
            ],
            [
              88.426003,
              26.357927
            ],
            [
              88.421197,
              26.348729
            ],
            [
              88.413807,
              26.340202
            ],
            [
              88.366781,
              26.313434
            ],
            [
              88.351692,
              26.30098
            ],
            [
              88.336602,
              26.281808
            ],
            [
              88.332933,
              26.267235
            ],
            [
              88.334535,
              26.230803
            ],
            [
              88.326267,
              26.21592
            ],
            [
              88.308697,
              26.206102
            ],
            [
              88.250303,
              26.188015
            ],
            [
              88.229787,
              26.184036
            ],
            [
              88.218884,
              26.18016
            ],
            [
              88.211959,
              26.173752
            ],
            [
              88.205654,
              26.166414
            ],
            [
              88.196921,
              26.159645
            ],
            [
              88.163796,
              26.140473
            ],
            [
              88.155632,
              26.128484
            ],
            [
              88.144469,
              26.095876
            ],
            [
              88.141369,
              26.090502
            ],
            [
              88.139922,
              26.085334
            ],
            [
              88.141162,
              26.075464
            ],
            [
              88.14478,
              26.070503
            ],
            [
              88.150981,
              26.066989
            ],
            [
              88.156407,
              26.061408
            ],
            [
              88.157905,
              26.050452
            ],
            [
              88.151032,
              26.031332
            ],
            [
              88.125866,
              26.0134
            ],
            [
              88.106539,
              25.979966
            ],
            [
              88.088039,
              25.923225
            ],
            [
              88.082664,
              25.915939
            ],
            [
              88.077393,
              25.912786
            ],
            [
              88.074396,
              25.908135
            ],
            [
              88.082044,
              25.863849
            ],
            [
              88.088969,
              25.848656
            ],
            [
              88.087574,
              25.839974
            ],
            [
              88.087574,
              25.830983
            ],
            [
              88.103335,
              25.814808
            ],
            [
              88.108038,
              25.806281
            ],
            [
              88.114911,
              25.787264
            ],
            [
              88.127726,
              25.774914
            ],
            [
              88.146433,
              25.77574
            ],
            [
              88.166225,
              25.783647
            ],
            [
              88.18271,
              25.792432
            ],
            [
              88.227462,
              25.804266
            ],
            [
              88.259915,
              25.789021
            ],
            [
              88.320273,
              25.725253
            ],
            [
              88.392981,
              25.680759
            ],
            [
              88.41944,
              25.653784
            ],
            [
              88.423781,
              25.592237
            ],
            [
              88.437785,
              25.579835
            ],
            [
              88.475405,
              25.562575
            ],
            [
              88.485586,
              25.542628
            ],
            [
              88.512767,
              25.523714
            ],
            [
              88.520467,
              25.509297
            ],
            [
              88.530286,
              25.500202
            ],
            [
              88.550956,
              25.496481
            ],
            [
              88.593589,
              25.495086
            ],
            [
              88.613175,
              25.486404
            ],
            [
              88.645421,
              25.467336
            ],
            [
              88.66635,
              25.462891
            ],
            [
              88.67808,
              25.465889
            ],
            [
              88.687072,
              25.473898
            ],
            [
              88.69565,
              25.483614
            ],
            [
              88.706192,
              25.491675
            ],
            [
              88.71415,
              25.492812
            ],
            [
              88.723142,
              25.491417
            ],
            [
              88.732651,
              25.491003
            ],
            [
              88.742572,
              25.495189
            ],
            [
              88.741952,
              25.512759
            ],
            [
              88.772338,
              25.501959
            ],
            [
              88.780968,
              25.495189
            ],
            [
              88.793112,
              25.48196
            ],
            [
              88.805824,
              25.471676
            ],
            [
              88.814919,
              25.458602
            ],
            [
              88.816315,
              25.437208
            ],
            [
              88.799313,
              25.401706
            ],
            [
              88.799623,
              25.395609
            ],
            [
              88.810372,
              25.388426
            ],
            [
              88.813266,
              25.380054
            ],
            [
              88.814041,
              25.370391
            ],
            [
              88.81833,
              25.359642
            ],
            [
              88.841998,
              25.332822
            ],
            [
              88.849026,
              25.327189
            ],
            [
              88.859258,
              25.324709
            ],
            [
              88.880187,
              25.323468
            ],
            [
              88.88613,
              25.319076
            ],
            [
              88.902873,
              25.303418
            ],
            [
              88.926489,
              25.300472
            ],
            [
              88.975323,
              25.302643
            ],
            [
              88.982713,
              25.294478
            ],
            [
              88.984935,
              25.284969
            ],
            [
              88.982351,
              25.274892
            ],
            [
              88.975323,
              25.265229
            ],
            [
              88.937754,
              25.240166
            ],
            [
              88.929073,
              25.229417
            ],
            [
              88.927988,
              25.21593
            ],
            [
              88.930778,
              25.202649
            ],
            [
              88.927884,
              25.192727
            ],
            [
              88.909642,
              25.189161
            ],
            [
              88.924163,
              25.167871
            ],
            [
              88.898635,
              25.169318
            ],
            [
              88.830216,
              25.191332
            ],
            [
              88.823601,
              25.194846
            ],
            [
              88.81709,
              25.196809
            ],
            [
              88.809132,
              25.195259
            ],
            [
              88.802517,
              25.188128
            ],
            [
              88.792337,
              25.166579
            ],
            [
              88.784224,
              25.160946
            ],
            [
              88.724537,
              25.166475
            ],
            [
              88.664593,
              25.186888
            ],
            [
              88.634259,
              25.192262
            ],
            [
              88.599119,
              25.19314
            ],
            [
              88.590127,
              25.190143
            ],
            [
              88.577725,
              25.177482
            ],
            [
              88.570697,
              25.173245
            ],
            [
              88.55938,
              25.170764
            ],
            [
              88.554677,
              25.171126
            ],
            [
              88.550026,
              25.173142
            ],
            [
              88.523154,
              25.179808
            ],
            [
              88.491838,
              25.191125
            ],
            [
              88.475405,
              25.195104
            ],
            [
              88.441299,
              25.18973
            ],
            [
              88.43148,
              25.173038
            ],
            [
              88.434168,
              25.116659
            ],
            [
              88.425796,
              25.051056
            ],
            [
              88.414117,
              25.021523
            ],
            [
              88.391018,
              24.99509
            ],
            [
              88.387865,
              24.968761
            ],
            [
              88.37567,
              24.94561
            ],
            [
              88.340892,
              24.90414
            ],
            [
              88.322753,
              24.874684
            ],
            [
              88.313606,
              24.868302
            ],
            [
              88.296812,
              24.869698
            ],
            [
              88.25485,
              24.879955
            ],
            [
              88.242758,
              24.880601
            ],
            [
              88.24188,
              24.898766
            ],
            [
              88.232836,
              24.918273
            ],
            [
              88.21878,
              24.935146
            ],
            [
              88.20245,
              24.9453
            ],
            [
              88.18302,
              24.94698
            ],
            [
              88.16452,
              24.941114
            ],
            [
              88.114911,
              24.916413
            ],
            [
              88.114911,
              24.912021
            ],
            [
              88.120337,
              24.906775
            ],
            [
              88.124936,
              24.898145
            ],
            [
              88.138062,
              24.863496
            ],
            [
              88.140955,
              24.844583
            ],
            [
              88.13124,
              24.831767
            ],
            [
              88.117391,
              24.819261
            ],
            [
              88.107779,
              24.801097
            ],
            [
              88.094808,
              24.803112
            ],
            [
              88.088245,
              24.796136
            ],
            [
              88.085352,
              24.784018
            ],
            [
              88.084008,
              24.770453
            ],
            [
              88.07698,
              24.761177
            ],
            [
              88.064268,
              24.759162
            ],
            [
              88.053209,
              24.754976
            ],
            [
              88.048455,
              24.711206
            ],
            [
              88.035432,
              24.693817
            ],
            [
              88.027164,
              24.67573
            ],
            [
              88.02179,
              24.645603
            ],
            [
              88.04091,
              24.640435
            ],
            [
              88.05724,
              24.634105
            ],
            [
              88.067265,
              24.613667
            ],
            [
              88.081838,
              24.599869
            ],
            [
              88.08499,
              24.593875
            ],
            [
              88.08499,
              24.541733
            ],
            [
              88.086023,
              24.53672
            ],
            [
              88.090002,
              24.533
            ],
            [
              88.098787,
              24.522484
            ],
            [
              88.107934,
              24.507963
            ],
            [
              88.10995,
              24.500986
            ],
            [
              88.138785,
              24.49525
            ],
            [
              88.401301,
              24.369418
            ],
            [
              88.475405,
              24.315468
            ],
            [
              88.49835,
              24.310972
            ],
            [
              88.5631,
              24.308207
            ],
            [
              88.612451,
              24.292885
            ],
            [
              88.634517,
              24.294125
            ],
            [
              88.649503,
              24.315364
            ],
            [
              88.660149,
              24.338257
            ],
            [
              88.681801,
              24.33389
            ],
            [
              88.714564,
              24.315416
            ],
            [
              88.737508,
              24.287097
            ],
            [
              88.743038,
              24.247539
            ],
            [
              88.74495,
              24.243379
            ],
            [
              88.747482,
              24.226972
            ],
            [
              88.749807,
              24.223251
            ],
            [
              88.746397,
              24.214079
            ],
            [
              88.734821,
              24.198421
            ],
            [
              88.731617,
              24.189842
            ],
            [
              88.731456,
              24.189771
            ],
            [
              88.715907,
              24.182918
            ],
            [
              88.69379,
              24.175321
            ],
            [
              88.683765,
              24.166536
            ],
            [
              88.67808,
              24.154289
            ],
            [
              88.678287,
              24.144651
            ],
            [
              88.68299,
              24.124291
            ],
            [
              88.681801,
              24.112664
            ],
            [
              88.675393,
              24.091838
            ],
            [
              88.674101,
              24.08264
            ],
            [
              88.67901,
              24.071219
            ],
            [
              88.697821,
              24.056259
            ],
            [
              88.700921,
              24.04365
            ],
            [
              88.725002,
              24.038379
            ],
            [
              88.725468,
              24.028896
            ],
            [
              88.71384,
              24.014685
            ],
            [
              88.701593,
              23.995281
            ],
            [
              88.708363,
              23.98355
            ],
            [
              88.714357,
              23.964404
            ],
            [
              88.717148,
              23.943139
            ],
            [
              88.71415,
              23.925156
            ],
            [
              88.704435,
              23.913709
            ],
            [
              88.666505,
              23.8795
            ],
            [
              88.653121,
              23.869784
            ],
            [
              88.633949,
              23.866141
            ],
            [
              88.613175,
              23.867847
            ],
            [
              88.593589,
              23.866916
            ],
            [
              88.577621,
              23.85516
            ],
            [
              88.574366,
              23.845626
            ],
            [
              88.575451,
              23.836556
            ],
            [
              88.577621,
              23.827616
            ],
            [
              88.577518,
              23.818521
            ],
            [
              88.57235,
              23.806894
            ],
            [
              88.557674,
              23.785681
            ],
            [
              88.552713,
              23.774984
            ],
            [
              88.552507,
              23.765424
            ],
            [
              88.559741,
              23.750283
            ],
            [
              88.561188,
              23.741007
            ],
            [
              88.540104,
              23.649953
            ],
            [
              88.541551,
              23.638765
            ],
            [
              88.550956,
              23.634424
            ],
            [
              88.56124,
              23.632486
            ],
            [
              88.566356,
              23.62874
            ],
            [
              88.564392,
              23.616208
            ],
            [
              88.561085,
              23.608612
            ],
            [
              88.561705,
              23.602023
            ],
            [
              88.57142,
              23.592334
            ],
            [
              88.581549,
              23.588329
            ],
            [
              88.601289,
              23.590344
            ],
            [
              88.609247,
              23.588794
            ],
            [
              88.624233,
              23.573859
            ],
            [
              88.647643,
              23.535076
            ],
            [
              88.664489,
              23.518307
            ],
            [
              88.69379,
              23.499807
            ],
            [
              88.704642,
              23.495182
            ],
            [
              88.719421,
              23.468104
            ],
            [
              88.731927,
              23.472625
            ],
            [
              88.743709,
              23.489317
            ],
            [
              88.756835,
              23.498799
            ],
            [
              88.770168,
              23.488826
            ],
            [
              88.767894,
              23.467277
            ],
            [
              88.719266,
              23.348292
            ],
            [
              88.69503,
              23.312609
            ],
            [
              88.685935,
              23.293308
            ],
            [
              88.686607,
              23.271604
            ],
            [
              88.69658,
              23.252354
            ],
            [
              88.710016,
              23.241218
            ],
            [
              88.775697,
              23.221633
            ],
            [
              88.786187,
              23.221529
            ],
            [
              88.794197,
              23.224966
            ],
            [
              88.800967,
              23.230754
            ],
            [
              88.809545,
              23.236051
            ],
            [
              88.822671,
              23.237963
            ],
            [
              88.839621,
              23.23481
            ],
            [
              88.909642,
              23.212434
            ],
            [
              88.918066,
              23.208584
            ],
            [
              88.926954,
              23.206517
            ],
            [
              88.954239,
              23.207422
            ],
            [
              88.959975,
              23.202693
            ],
            [
              88.95982,
              23.194451
            ],
            [
              88.954704,
              23.183806
            ],
            [
              88.945868,
              23.174349
            ],
            [
              88.919099,
              23.153859
            ],
            [
              88.864787,
              23.100271
            ],
            [
              88.8513,
              23.07513
            ],
            [
              88.848716,
              23.023841
            ],
            [
              88.839414,
              22.995368
            ],
            [
              88.838794,
              22.975808
            ],
            [
              88.842773,
              22.964568
            ],
            [
              88.861738,
              22.942399
            ],
            [
              88.872177,
              22.926767
            ],
            [
              88.893468,
              22.879638
            ],
            [
              88.905147,
              22.866435
            ],
            [
              88.933103,
              22.858115
            ],
            [
              88.944524,
              22.848012
            ],
            [
              88.946798,
              22.834525
            ],
            [
              88.945144,
              22.815094
            ],
            [
              88.941217,
              22.795664
            ],
            [
              88.936876,
              22.782331
            ],
            [
              88.926231,
              22.767035
            ],
            [
              88.914965,
              22.7544
            ],
            [
              88.908144,
              22.740784
            ],
            [
              88.910573,
              22.722593
            ],
            [
              88.92251,
              22.693706
            ],
            [
              88.92592,
              22.680839
            ],
            [
              88.930003,
              22.658618
            ],
            [
              88.942354,
              22.637482
            ],
            [
              88.952017,
              22.611903
            ],
            [
              88.95641,
              22.584979
            ],
            [
              88.950312,
              22.561983
            ],
            [
              88.927988,
              22.548134
            ],
            [
              88.959045,
              22.536817
            ],
            [
              88.970982,
              22.527928
            ],
            [
              88.979974,
              22.490928
            ],
            [
              88.998371,
              22.451241
            ],
            [
              89.002505,
              22.427986
            ],
            [
              89.000748,
              22.420131
            ],
            [
              88.99217,
              22.406954
            ],
            [
              88.989482,
              22.39667
            ],
            [
              88.989586,
              22.386903
            ],
            [
              89.001523,
              22.333677
            ],
            [
              89.006949,
              22.321429
            ],
            [
              89.023537,
              22.294816
            ],
            [
              89.00912,
              22.285618
            ],
            [
              89.018628,
              22.264689
            ],
            [
              89.062295,
              22.211565
            ],
            [
              89.070718,
              22.194822
            ],
            [
              89.076196,
              22.17503
            ],
            [
              89.078159,
              22.150845
            ],
            [
              89.060693,
              22.130485
            ],
            [
              89.060404,
              22.129811
            ]
          ]
        ]
      },
      "properties": {
        "name": "India–Bangladesh border",
        "name:en": "India–Bangladesh border",
        "disputed": false,
        "admin_level": 2
      }
    },
    {
      "type": "Feature",
      "geometry": {
        "type": "MultiLineString",
        "coordinates": [
          [
            [
              80.263555,
              29.315318
            ],
            [
              80.254977,
              29.316635
            ],
            [
              80.249499,
              29.326997
            ],
            [
              80.242161,
              29.367408
            ],
            [
              80.220974,
              29.400119
            ],
            [
              80.213739,
              29.416888
            ],
            [
              80.217666,
              29.434639
            ],
            [
              80.228312,
              29.441718
            ],
            [
              80.257457,
              29.450064
            ],
            [
              80.263452,
              29.459237
            ],
            [
              80.266242,
              29.47213
            ],
            [
              80.273064,
              29.478667
            ],
            [
              80.282055,
              29.4843
            ],
            [
              80.29115,
              29.494609
            ],
            [
              80.29146,
              29.494738
            ],
            [
              80.311511,
              29.508122
            ],
            [
              80.320089,
              29.515822
            ],
            [
              80.327221,
              29.52484
            ],
            [
              80.327634,
              29.52993
            ],
            [
              80.32505,
              29.535511
            ],
            [
              80.323603,
              29.54166
            ],
            [
              80.327221,
              29.548585
            ],
            [
              80.332698,
              29.552461
            ],
            [
              80.345101,
              29.558352
            ],
            [
              80.350785,
              29.562073
            ],
            [
              80.373316,
              29.58419
            ],
            [
              80.385201,
              29.604835
            ],
            [
              80.386752,
              29.626823
            ],
            [
              80.377553,
              29.652946
            ],
            [
              80.363911,
              29.679714
            ],
            [
              80.354402,
              29.70488
            ],
            [
              80.354299,
              29.730279
            ],
            [
              80.368975,
              29.757926
            ],
            [
              80.395227,
              29.776582
            ],
            [
              80.454861,
              29.790586
            ],
            [
              80.476152,
              29.80614
            ],
            [
              80.527312,
              29.862416
            ],
            [
              80.549533,
              29.89368
            ],
            [
              80.562865,
              29.929699
            ],
            [
              80.57134,
              29.946855
            ],
            [
              80.586223,
              29.954142
            ],
            [
              80.622293,
              29.958173
            ],
            [
              80.641413,
              29.963444
            ],
            [
              80.654126,
              29.970575
            ],
            [
              80.680171,
              29.992072
            ],
            [
              80.715827,
              30.013311
            ],
            [
              80.725749,
              30.022768
            ],
            [
              80.755721,
              30.064574
            ],
            [
              80.769674,
              30.077287
            ],
            [
              80.829825,
              30.117129
            ],
            [
              80.849669,
              30.143381
            ],
            [
              80.83644,
              30.170046
            ],
            [
              80.850393,
              30.181931
            ],
            [
              80.867911,
              30.200173
            ],
            [
              80.883684,
              30.21028
            ]
          ]
        ]
      },
      "properties": {
        "name": "India–Nepal border (west)",
        "name:en": "India–Nepal border (west)",
        "disputed": false,
        "admin_level": 2
      }
    },
    {
      "type": "Feature",
      "geometry": {
        "type": "MultiLineString",
        "coordinates": [
          [
            [
              80.883684,
              30.21028
            ],
            [
              80.883879,
              30.210405
            ]
          ]
        ]
      },
      "properties": {
        "name": "India–Nepal border (center)",
        "name:en": "India–Nepal border (center)",
        "disputed": false,
        "admin_level": 2
      }
    },
    {
      "type": "Feature",
      "geometry": {
        "type": "MultiLineString",
        "coordinates": [
          [
            [
              88.118218,
              27.860885
            ],
            [
              88.143023,
              27.855717
            ],
            [
              88.156407,
              27.851273
            ],
            [
              88.164623,
              27.845356
            ],
            [
              88.166587,
              27.833599
            ],
            [
              88.154598,
              27.815151
            ],
            [
              88.159662,
              27.77412
            ],
            [
              88.149327,
              27.748772
            ],
            [
              88.134858,
              27.723167
            ],
            [
              88.11088,
              27.639503
            ],
            [
              88.048765,
              27.545348
            ],
            [
              88.02334,
              27.494912
            ],
            [
              88.0221,
              27.484241
            ],
            [
              88.02334,
              27.474655
            ],
            [
              88.028094,
              27.455121
            ],
            [
              88.030781,
              27.450729
            ],
            [
              88.039773,
              27.442357
            ],
            [
              88.041633,
              27.438068
            ],
            [
              88.039308,
              27.42949
            ],
            [
              88.034812,
              27.423805
            ],
            [
              88.029593,
              27.418741
            ],
            [
              88.02582,
              27.412075
            ],
            [
              88.017242,
              27.389234
            ],
            [
              88.014762,
              27.378072
            ],
            [
              88.015795,
              27.364222
            ],
            [
              88.020136,
              27.35337
            ],
            [
              88.032538,
              27.333888
            ],
            [
              88.035122,
              27.322571
            ],
            [
              88.029024,
              27.298076
            ],
            [
              88.004663,
              27.249163
            ],
            [
              87.989337,
              27.218391
            ],
            [
              87.985461,
              27.14837
            ],
            [
              87.970837,
              27.119224
            ],
            [
              87.969183,
              27.110801
            ],
            [
              87.970733,
              27.10274
            ],
            [
              87.975488,
              27.095143
            ],
            [
              87.9913,
              27.081501
            ],
            [
              88.009491,
              27.045637
            ],
            [
              88.027371,
              27.035353
            ],
            [
              88.042822,
              27.028946
            ],
            [
              88.055948,
              27.018042
            ],
            [
              88.076877,
              26.99179
            ],
            [
              88.096824,
              26.959337
            ],
            [
              88.11181,
              26.924301
            ],
            [
              88.12044,
              26.90885
            ],
            [
              88.142816,
              26.878412
            ],
            [
              88.151394,
              26.862806
            ],
            [
              88.155321,
              26.845598
            ],
            [
              88.159042,
              26.802551
            ],
            [
              88.167827,
              26.762915
            ],
            [
              88.169067,
              26.744002
            ],
            [
              88.167517,
              26.725037
            ],
            [
              88.163383,
              26.705141
            ],
            [
              88.14664,
              26.661216
            ],
            [
              88.101681,
              26.581944
            ],
            [
              88.087136,
              26.5391
            ],
            [
              88.079822,
              26.517556
            ],
            [
              88.07915,
              26.507375
            ],
            [
              88.082251,
              26.494921
            ],
            [
              88.082251,
              26.49487
            ],
            [
              88.074189,
              26.453942
            ],
            [
              88.044321,
              26.405676
            ],
            [
              88.006648,
              26.369864
            ],
            [
              87.975488,
              26.366557
            ],
            [
              87.961225,
              26.378959
            ],
            [
              87.928979,
              26.396426
            ],
            [
              87.914768,
              26.40826
            ],
            [
              87.908515,
              26.41782
            ],
            [
              87.902004,
              26.435287
            ],
            [
              87.897301,
              26.443452
            ],
            [
              87.894769,
              26.442935
            ],
            [
              87.870688,
              26.460712
            ],
            [
              87.869809,
              26.464639
            ],
            [
              87.852084,
              26.46066
            ],
            [
              87.821595,
              26.437509
            ],
            [
              87.804439,
              26.437354
            ],
            [
              87.785938,
              26.445984
            ],
            [
              87.768988,
              26.451461
            ],
            [
              87.756173,
              26.446914
            ],
            [
              87.749455,
              26.425727
            ],
            [
              87.74222,
              26.410482
            ],
            [
              87.727544,
              26.403764
            ],
            [
              87.710904,
              26.405676
            ],
            [
              87.697572,
              26.41627
            ],
            [
              87.68119,
              26.424228
            ],
            [
              87.659641,
              26.41751
            ],
            [
              87.648745,
              26.409993
            ],
            [
              87.623984,
              26.392912
            ],
            [
              87.586984,
              26.378029
            ],
            [
              87.552051,
              26.386711
            ],
            [
              87.480324,
              26.423401
            ],
            [
              87.449628,
              26.428621
            ],
            [
              87.416452,
              26.426967
            ],
            [
              87.384206,
              26.418647
            ],
            [
              87.356404,
              26.403712
            ],
            [
              87.344932,
              26.389346
            ],
            [
              87.326225,
              26.353328
            ],
            [
              87.314029,
              26.343768
            ],
            [
              87.30049,
              26.34599
            ],
            [
              87.258425,
              26.36294
            ],
            [
              87.2453,
              26.370226
            ],
            [
              87.236308,
              26.3833
            ],
            [
              87.229435,
              26.398752
            ],
            [
              87.2191,
              26.408105
            ],
            [
              87.188455,
              26.399578
            ],
            [
              87.135022,
              26.394204
            ],
            [
              87.10629,
              26.404746
            ],
            [
              87.083294,
              26.432083
            ],
            [
              87.066706,
              26.465621
            ],
            [
              87.056681,
              26.49487
            ],
            [
              87.056474,
              26.49487
            ],
            [
              87.056474,
              26.494921
            ],
            [
              87.045002,
              26.544272
            ],
            [
              87.044433,
              26.561171
            ],
            [
              87.041333,
              26.580187
            ],
            [
              87.029912,
              26.579774
            ],
            [
              87.015443,
              26.568974
            ],
            [
              86.985212,
              26.540655
            ],
            [
              86.972448,
              26.531973
            ],
            [
              86.935153,
              26.520289
            ],
            [
              86.907129,
              26.51151
            ],
            [
              86.875968,
              26.494921
            ],
            [
              86.865684,
              26.472442
            ],
            [
              86.846357,
              26.45265
            ],
            [
              86.821863,
              26.438129
            ],
            [
              86.796438,
              26.431514
            ],
            [
              86.78724,
              26.433065
            ],
            [
              86.751893,
              26.445519
            ],
            [
              86.738199,
              26.44371
            ],
            [
              86.730706,
              26.433788
            ],
            [
              86.724091,
              26.421954
            ],
            [
              86.713601,
              26.414565
            ],
            [
              86.695204,
              26.418234
            ],
            [
              86.625337,
              26.456319
            ],
            [
              86.5579,
              26.484018
            ],
            [
              86.537953,
              26.49487
            ],
            [
              86.537746,
              26.49487
            ],
            [
              86.52431,
              26.509081
            ],
            [
              86.510616,
              26.520139
            ],
            [
              86.494906,
              26.527839
            ],
            [
              86.475476,
              26.531973
            ],
            [
              86.444832,
              26.543084
            ],
            [
              86.383647,
              26.572849
            ],
            [
              86.353674,
              26.582616
            ],
            [
              86.344838,
              26.582616
            ],
            [
              86.323185,
              26.580084
            ],
            [
              86.316002,
              26.580963
            ],
            [
              86.309026,
              26.587991
            ],
            [
              86.308613,
              26.60215
            ],
            [
              86.301378,
              26.609023
            ],
            [
              86.284428,
              26.61202
            ],
            [
              86.263086,
              26.609075
            ],
            [
              86.225155,
              26.597396
            ],
            [
              86.202883,
              26.58458
            ],
            [
              86.195855,
              26.582668
            ],
            [
              86.185364,
              26.584425
            ],
            [
              86.179266,
              26.588611
            ],
            [
              86.17446,
              26.593313
            ],
            [
              86.167794,
              26.596621
            ],
            [
              86.152653,
              26.600651
            ],
            [
              86.146355,
              26.601356
            ],
            [
              86.144798,
              26.60153
            ],
            [
              86.122061,
              26.60029
            ],
            [
              86.115859,
              26.602563
            ],
            [
              86.110692,
              26.606749
            ],
            [
              86.041704,
              26.645455
            ],
            [
              86.01137,
              26.654447
            ],
            [
              85.975713,
              26.64437
            ],
            [
              85.952148,
              26.642044
            ],
            [
              85.934682,
              26.632897
            ],
            [
              85.866366,
              26.579929
            ],
            [
              85.844765,
              26.568509
            ],
            [
              85.828538,
              26.566131
            ],
            [
              85.821614,
              26.571713
            ],
            [
              85.819753,
              26.579516
            ],
            [
              85.819547,
              26.588301
            ],
            [
              85.817635,
              26.596724
            ],
            [
              85.809728,
              26.603028
            ],
            [
              85.800065,
              26.600703
            ],
            [
              85.789988,
              26.597034
            ],
            [
              85.780996,
              26.599204
            ],
            [
              85.727046,
              26.6376
            ],
            [
              85.712887,
              26.653206
            ],
            [
              85.702241,
              26.68845
            ],
            [
              85.709631,
              26.76245
            ],
            [
              85.701828,
              26.796608
            ],
            [
              85.687772,
              26.811853
            ],
            [
              85.609379,
              26.851024
            ],
            [
              85.598578,
              26.854383
            ],
            [
              85.519462,
              26.826426
            ],
            [
              85.475692,
              26.805238
            ],
            [
              85.439622,
              26.78772
            ],
            [
              85.421535,
              26.782656
            ],
            [
              85.40319,
              26.787617
            ],
            [
              85.385878,
              26.788444
            ],
            [
              85.369238,
              26.775008
            ],
            [
              85.355352,
              26.759912
            ],
            [
              85.353219,
              26.757593
            ],
            [
              85.337044,
              26.746792
            ],
            [
              85.302369,
              26.737336
            ],
            [
              85.28728,
              26.736974
            ],
            [
              85.194934,
              26.758885
            ],
            [
              85.165685,
              26.786273
            ],
            [
              85.16553,
              26.820793
            ],
            [
              85.162016,
              26.851024
            ],
            [
              85.122845,
              26.8657
            ],
            [
              85.100211,
              26.863529
            ],
            [
              85.043987,
              26.843737
            ],
            [
              85.018562,
              26.845804
            ],
            [
              85.016857,
              26.85924
            ],
            [
              85.018045,
              26.874433
            ],
            [
              85.000837,
              26.882236
            ],
            [
              84.988176,
              26.883787
            ],
            [
              84.975774,
              26.886887
            ],
            [
              84.952726,
              26.897636
            ],
            [
              84.944251,
              26.915723
            ],
            [
              84.938567,
              26.9366
            ],
            [
              84.924046,
              26.955668
            ],
            [
              84.901567,
              26.967192
            ],
            [
              84.851751,
              26.982127
            ],
            [
              84.828289,
              26.994839
            ],
            [
              84.828134,
              26.994943
            ],
            [
              84.817489,
              27.0106
            ],
            [
              84.801934,
              27.013753
            ],
            [
              84.785501,
              27.008482
            ],
            [
              84.771962,
              26.99918
            ],
            [
              84.760697,
              26.999025
            ],
            [
              84.640239,
              27.028377
            ],
            [
              84.627268,
              27.03649
            ],
            [
              84.62148,
              27.057988
            ],
            [
              84.630369,
              27.080829
            ],
            [
              84.644528,
              27.103721
            ],
            [
              84.654398,
              27.125374
            ],
            [
              84.659824,
              27.165113
            ],
            [
              84.657654,
              27.203405
            ],
            [
              84.648197,
              27.240716
            ],
            [
              84.631919,
              27.277044
            ],
            [
              84.606546,
              27.310479
            ],
            [
              84.577039,
              27.329031
            ],
            [
              84.289408,
              27.376108
            ],
            [
              84.267703,
              27.388562
            ],
            [
              84.248893,
              27.412436
            ],
            [
              84.239023,
              27.431143
            ],
            [
              84.225536,
              27.440393
            ],
            [
              84.195253,
              27.436053
            ],
            [
              84.185848,
              27.438636
            ],
            [
              84.175099,
              27.462976
            ],
            [
              84.165746,
              27.472174
            ],
            [
              84.141716,
              27.480753
            ],
            [
              84.130968,
              27.486411
            ],
            [
              84.121563,
              27.494964
            ],
            [
              84.11717,
              27.513283
            ],
            [
              84.099548,
              27.516874
            ],
            [
              84.079601,
              27.509536
            ],
            [
              84.028907,
              27.453726
            ],
            [
              84.007668,
              27.440807
            ],
            [
              83.975835,
              27.439722
            ],
            [
              83.935941,
              27.446078
            ],
            [
              83.923022,
              27.449954
            ],
            [
              83.922043,
              27.449696
            ],
            [
              83.899871,
              27.443856
            ],
            [
              83.853517,
              27.440962
            ],
            [
              83.834087,
              27.434037
            ],
            [
              83.842717,
              27.418069
            ],
            [
              83.87119,
              27.38944
            ],
            [
              83.873671,
              27.380087
            ],
            [
              83.87765,
              27.369907
            ],
            [
              83.877391,
              27.361742
            ],
            [
              83.867521,
              27.358383
            ],
            [
              83.861733,
              27.354507
            ],
            [
              83.854602,
              27.34505
            ],
            [
              83.85334,
              27.346194
            ],
            [
              83.847988,
              27.351045
            ],
            [
              83.801995,
              27.365928
            ],
            [
              83.663399,
              27.43228
            ],
            [
              83.590432,
              27.45662
            ],
            [
              83.480981,
              27.469746
            ],
            [
              83.387034,
              27.470469
            ],
            [
              83.360989,
              27.462201
            ],
            [
              83.355925,
              27.452486
            ],
            [
              83.353857,
              27.44029
            ],
            [
              83.355821,
              27.428663
            ],
            [
              83.370962,
              27.410214
            ],
            [
              83.369567,
              27.398174
            ],
            [
              83.362746,
              27.385616
            ],
            [
              83.341145,
              27.356936
            ],
            [
              83.32435,
              27.341691
            ],
            [
              83.304868,
              27.331925
            ],
            [
              83.282441,
              27.330943
            ],
            [
              83.259496,
              27.338126
            ],
            [
              83.249419,
              27.348099
            ],
            [
              83.243115,
              27.362155
            ],
            [
              83.231591,
              27.381224
            ],
            [
              83.21924,
              27.393781
            ],
            [
              83.169631,
              27.431195
            ],
            [
              83.132786,
              27.444217
            ],
            [
              83.010468,
              27.443391
            ],
            [
              82.947164,
              27.457317
            ],
            [
              82.901275,
              27.480365
            ],
            [
              82.876264,
              27.487548
            ],
            [
              82.752137,
              27.494964
            ],
            [
              82.72971,
              27.518166
            ],
            [
              82.718857,
              27.556123
            ],
            [
              82.709246,
              27.630924
            ],
            [
              82.69705,
              27.669397
            ],
            [
              82.679687,
              27.694409
            ],
            [
              82.673891,
              27.696458
            ],
            [
              82.652143,
              27.70415
            ],
            [
              82.526156,
              27.675211
            ],
            [
              82.440683,
              27.666426
            ],
            [
              82.401926,
              27.677175
            ],
            [
              82.347924,
              27.726009
            ],
            [
              82.270409,
              27.760477
            ],
            [
              82.151037,
              27.848275
            ],
            [
              82.107422,
              27.863572
            ],
            [
              82.090369,
              27.872331
            ],
            [
              82.071662,
              27.89003
            ],
            [
              82.051611,
              27.905171
            ],
            [
              82.050212,
              27.905586
            ],
            [
              82.02722,
              27.912406
            ],
            [
              81.975905,
              27.916953
            ],
            [
              81.946398,
              27.905352
            ],
            [
              81.906091,
              27.863107
            ],
            [
              81.883198,
              27.849051
            ],
            [
              81.855654,
              27.850937
            ],
            [
              81.827852,
              27.865639
            ],
            [
              81.800154,
              27.884087
            ],
            [
              81.750131,
              27.909667
            ],
            [
              81.710392,
              27.94752
            ],
            [
              81.688946,
              27.963204
            ],
            [
              81.665433,
              27.9708
            ],
            [
              81.615049,
              27.981239
            ],
            [
              81.59536,
              27.994726
            ],
            [
              81.59536,
              27.994778
            ],
            [
              81.595102,
              27.994881
            ],
            [
              81.582183,
              28.013278
            ],
            [
              81.561925,
              28.025991
            ],
            [
              81.473455,
              28.066402
            ],
            [
              81.458211,
              28.07728
            ],
            [
              81.454025,
              28.086607
            ],
            [
              81.45294,
              28.097046
            ],
            [
              81.448237,
              28.111412
            ],
            [
              81.435267,
              28.129783
            ],
            [
              81.417335,
              28.147017
            ],
            [
              81.396044,
              28.160634
            ],
            [
              81.373203,
              28.167843
            ],
            [
              81.357907,
              28.165982
            ],
            [
              81.351447,
              28.15681
            ],
            [
              81.347262,
              28.144433
            ],
            [
              81.338115,
              28.132728
            ],
            [
              81.323697,
              28.126243
            ],
            [
              81.307057,
              28.123814
            ],
            [
              81.296205,
              28.12831
            ],
            [
              81.299409,
              28.142521
            ],
            [
              81.283079,
              28.146087
            ],
            [
              81.276775,
              28.153787
            ],
            [
              81.280754,
              28.161977
            ],
            [
              81.295947,
              28.167455
            ],
            [
              81.282356,
              28.191588
            ],
            [
              81.224323,
              28.250783
            ],
            [
              81.210732,
              28.278637
            ],
            [
              81.190372,
              28.338116
            ],
            [
              81.169701,
              28.361319
            ],
            [
              81.146344,
              28.372249
            ],
            [
              81.047066,
              28.389088
            ],
            [
              81.000409,
              28.397002
            ],
            [
              80.993175,
              28.407828
            ],
            [
              80.991314,
              28.420256
            ],
            [
              80.9878,
              28.430979
            ],
            [
              80.976018,
              28.436922
            ],
            [
              80.960515,
              28.432271
            ],
            [
              80.941188,
              28.432684
            ],
            [
              80.921344,
              28.436198
            ],
            [
              80.905273,
              28.440849
            ],
            [
              80.88667,
              28.452786
            ],
            [
              80.881864,
              28.466842
            ],
            [
              80.880365,
              28.48188
            ],
            [
              80.872252,
              28.496866
            ],
            [
              80.857989,
              28.502447
            ],
            [
              80.81701,
              28.502551
            ],
            [
              80.798406,
              28.505703
            ],
            [
              80.781663,
              28.514746
            ],
            [
              80.743526,
              28.549964
            ],
            [
              80.727093,
              28.559679
            ],
            [
              80.695777,
              28.567508
            ],
            [
              80.67862,
              28.574717
            ],
            [
              80.668182,
              28.586344
            ],
            [
              80.648338,
              28.619753
            ],
            [
              80.635625,
              28.627866
            ],
            [
              80.598522,
              28.633783
            ],
            [
              80.581365,
              28.638951
            ],
            [
              80.563589,
              28.647038
            ],
            [
              80.556871,
              28.655022
            ],
            [
              80.557387,
              28.66435
            ],
            [
              80.559041,
              28.673031
            ],
            [
              80.555837,
              28.678948
            ],
            [
              80.534444,
              28.679555
            ],
            [
              80.517596,
              28.680033
            ],
            [
              80.497546,
              28.670137
            ],
            [
              80.487624,
              28.656469
            ],
            [
              80.484937,
              28.639287
            ],
            [
              80.493412,
              28.575647
            ],
            [
              80.488451,
              28.562444
            ],
            [
              80.468814,
              28.571849
            ],
            [
              80.426543,
              28.616807
            ],
            [
              80.408352,
              28.626342
            ],
            [
              80.388302,
              28.627246
            ],
            [
              80.369078,
              28.622647
            ],
            [
              80.349751,
              28.620218
            ],
            [
              80.329701,
              28.627479
            ],
            [
              80.318332,
              28.640113
            ],
            [
              80.291047,
              28.689671
            ],
            [
              80.283399,
              28.695356
            ],
            [
              80.265209,
              28.699283
            ],
            [
              80.257044,
              28.702745
            ],
            [
              80.249396,
              28.710213
            ],
            [
              80.238957,
              28.726258
            ],
            [
              80.233273,
              28.732718
            ],
            [
              80.216426,
              28.741942
            ],
            [
              80.181183,
              28.74729
            ],
            [
              80.162063,
              28.753285
            ],
            [
              80.147593,
              28.76331
            ],
            [
              80.11421,
              28.802584
            ],
            [
              80.081861,
              28.819353
            ],
            [
              80.073054,
              28.820925
            ],
            [
              80.054782,
              28.824185
            ],
            [
              80.036386,
              28.837026
            ],
            [
              80.030288,
              28.87767
            ],
            [
              80.031115,
              28.897798
            ],
            [
              80.033905,
              28.915936
            ],
            [
              80.04052,
              28.932809
            ],
            [
              80.052922,
              28.949113
            ],
            [
              80.068425,
              28.959939
            ],
            [
              80.085168,
              28.967484
            ],
            [
              80.099431,
              28.977276
            ],
            [
              80.107906,
              28.994588
            ],
            [
              80.107906,
              28.994769
            ],
            [
              80.104702,
              29.027609
            ],
            [
              80.113073,
              29.072206
            ],
            [
              80.132607,
              29.110214
            ],
            [
              80.16351,
              29.123366
            ],
            [
              80.180563,
              29.121324
            ],
            [
              80.20144,
              29.121169
            ],
            [
              80.220664,
              29.126079
            ],
            [
              80.233066,
              29.139308
            ],
            [
              80.230482,
              29.154733
            ],
            [
              80.213739,
              29.196565
            ],
            [
              80.218803,
              29.211086
            ],
            [
              80.236063,
              29.213076
            ],
            [
              80.248672,
              29.204394
            ],
            [
              80.258181,
              29.202456
            ],
            [
              80.278748,
              29.268085
            ],
            [
              80.282779,
              29.291314
            ],
            [
              80.280092,
              29.31015
            ],
            [
              80.272754,
              29.315705
            ],
            [
              80.263555,
              29.315318
            ]
          ]
        ]
      },
      "properties": {
        "name": "India–Nepal border (main)",
        "name:en": "India–Nepal border (main)",
        "disputed": false,
        "admin_level": 2
      }
    },
    {
      "type": "Feature",
      "geometry": {
        "type": "MultiLineString",
        "coordinates": [
          [
            [
              80.883879,
              30.210405
            ],
            [
              80.893647,
              30.198104
            ],
            [
              80.903309,
              30.180433
            ],
            [
              80.920827,
              30.17666
            ],
            [
              80.988162,
              30.196556
            ],
            [
              80.996036,
              30.196973
            ]
          ]
        ]
      },
      "properties": {
        "name": "India–Nepal border (east)",
        "name:en": "India–Nepal border (east)",
        "disputed": false,
        "admin_level": 2
      }
    },
    {
      "type": "Feature",
      "geometry": {
        "type": "MultiLineString",
        "coordinates": [
          [
            [
              88.892331,
              27.315543
            ],
            [
              88.884631,
              27.286346
            ],
            [
              88.876116,
              27.280486
            ],
            [
              88.861428,
              27.270378
            ],
            [
              88.801174,
              27.256425
            ],
            [
              88.775852,
              27.240871
            ],
            [
              88.754355,
              27.212604
            ],
            [
              88.738438,
              27.179789
            ],
            [
              88.730067,
              27.150954
            ],
            [
              88.733082,
              27.148972
            ],
            [
              88.742572,
              27.142737
            ],
            [
              88.805256,
              27.113023
            ],
            [
              88.827632,
              27.097882
            ],
            [
              88.840809,
              27.075248
            ],
            [
              88.845615,
              27.049565
            ],
            [
              88.845615,
              26.994943
            ],
            [
              88.845615,
              26.994839
            ],
            [
              88.851713,
              26.945437
            ],
            [
              88.867113,
              26.964247
            ],
            [
              88.88644,
              26.978975
            ],
            [
              88.906645,
              26.981093
            ],
            [
              88.924474,
              26.961663
            ],
            [
              88.926954,
              26.949416
            ],
            [
              88.925404,
              26.939029
            ],
            [
              88.9253,
              26.929365
            ],
            [
              88.932328,
              26.919237
            ],
            [
              88.942767,
              26.913707
            ],
            [
              88.954549,
              26.912622
            ],
            [
              88.965815,
              26.915464
            ],
            [
              88.975323,
              26.921717
            ],
            [
              88.996614,
              26.922751
            ],
            [
              89.021574,
              26.912674
            ],
            [
              89.04488,
              26.897119
            ],
            [
              89.060693,
              26.881461
            ],
            [
              89.074335,
              26.856398
            ],
            [
              89.082448,
              26.836037
            ],
            [
              89.096504,
              26.821413
            ],
            [
              89.128079,
              26.813455
            ],
            [
              89.184613,
              26.810561
            ],
            [
              89.212828,
              26.813041
            ],
            [
              89.240837,
              26.819759
            ],
            [
              89.252619,
              26.826787
            ],
            [
              89.262954,
              26.836348
            ],
            [
              89.273599,
              26.843892
            ],
            [
              89.286364,
              26.844978
            ],
            [
              89.300161,
              26.844409
            ],
            [
              89.341657,
              26.854331
            ],
            [
              89.368895,
              26.837359
            ],
            [
              89.407338,
              26.813403
            ],
            [
              89.442891,
              26.797022
            ],
            [
              89.50542,
              26.803688
            ],
            [
              89.546503,
              26.797539
            ],
            [
              89.586087,
              26.784051
            ],
            [
              89.611357,
              26.765964
            ],
            [
              89.613475,
              26.748549
            ],
            [
              89.597507,
              26.720954
            ],
            [
              89.609806,
              26.712221
            ],
            [
              89.628307,
              26.712531
            ],
            [
              89.66324,
              26.725502
            ],
            [
              89.685151,
              26.724571
            ],
            [
              89.738739,
              26.703281
            ],
            [
              89.75467,
              26.700989
            ],
            [
              89.760288,
              26.70018
            ],
            [
              89.800079,
              26.70049
            ],
            [
              89.804058,
              26.699767
            ],
            [
              89.81367,
              26.696149
            ],
            [
              89.817287,
              26.696201
            ],
            [
              89.822093,
              26.701007
            ],
            [
              89.825245,
              26.707673
            ],
            [
              89.826796,
              26.713513
            ],
            [
              89.826744,
              26.715683
            ],
            [
              89.827261,
              26.717905
            ],
            [
              89.827674,
              26.722453
            ],
            [
              89.829741,
              26.72762
            ],
            [
              89.834961,
              26.731548
            ],
            [
              89.839043,
              26.731238
            ],
            [
              89.847001,
              26.72483
            ],
            [
              89.850774,
              26.723176
            ],
            [
              89.858701,
              26.722057
            ],
            [
              89.85992,
              26.721884
            ],
            [
              89.880281,
              26.716252
            ],
            [
              89.890409,
              26.714856
            ],
            [
              89.912113,
              26.716717
            ],
            [
              89.975262,
              26.731858
            ],
            [
              90.089157,
              26.741728
            ],
            [
              90.127191,
              26.751392
            ],
            [
              90.152202,
              26.771752
            ],
            [
              90.17742,
              26.832058
            ],
            [
              90.210907,
              26.851489
            ],
            [
              90.229148,
              26.852884
            ],
            [
              90.265994,
              26.851592
            ],
            [
              90.284442,
              26.85707
            ],
            [
              90.300875,
              26.868284
            ],
            [
              90.314208,
              26.880376
            ],
            [
              90.328574,
              26.890659
            ],
            [
              90.348831,
              26.896654
            ],
            [
              90.382627,
              26.891796
            ],
            [
              90.475232,
              26.83242
            ],
            [
              90.587783,
              26.780072
            ],
            [
              90.717077,
              26.767049
            ],
            [
              90.944493,
              26.77887
            ],
            [
              91.007395,
              26.782139
            ],
            [
              91.012781,
              26.784348
            ],
            [
              91.062069,
              26.804567
            ],
            [
              91.091938,
              26.804773
            ],
            [
              91.127078,
              26.800898
            ],
            [
              91.198185,
              26.802344
            ],
            [
              91.232498,
              26.795161
            ],
            [
              91.261954,
              26.779038
            ],
            [
              91.27601,
              26.774077
            ],
            [
              91.296577,
              26.774594
            ],
            [
              91.313217,
              26.778677
            ],
            [
              91.330063,
              26.785498
            ],
            [
              91.345566,
              26.794696
            ],
            [
              91.358382,
              26.806169
            ],
            [
              91.370061,
              26.824669
            ],
            [
              91.378122,
              26.842807
            ],
            [
              91.388457,
              26.858465
            ],
            [
              91.406338,
              26.869524
            ],
            [
              91.420187,
              26.871539
            ],
            [
              91.460598,
              26.869369
            ],
            [
              91.475067,
              26.865545
            ],
            [
              91.484472,
              26.852729
            ],
            [
              91.507417,
              26.808029
            ],
            [
              91.520646,
              26.79759
            ],
            [
              91.539353,
              26.79883
            ],
            [
              91.57563,
              26.810148
            ],
            [
              91.593716,
              26.810768
            ],
            [
              91.637951,
              26.798985
            ],
            [
              91.653764,
              26.797952
            ],
            [
              91.702133,
              26.803481
            ],
            [
              91.731589,
              26.816194
            ],
            [
              91.795254,
              26.853504
            ],
            [
              91.825123,
              26.858465
            ],
            [
              91.843934,
              26.84937
            ],
            [
              91.849515,
              26.834746
            ],
            [
              91.852408,
              26.818519
            ],
            [
              91.863054,
              26.804773
            ],
            [
              91.87866,
              26.803016
            ],
            [
              91.886928,
              26.814437
            ],
            [
              91.885895,
              26.83087
            ],
            [
              91.874009,
              26.844306
            ],
            [
              91.895507,
              26.853504
            ],
            [
              91.895507,
              26.868284
            ],
            [
              91.89313,
              26.881358
            ],
            [
              91.908219,
              26.885182
            ],
            [
              91.925686,
              26.878671
            ],
            [
              91.957415,
              26.854279
            ],
            [
              91.975088,
              26.846631
            ],
            [
              92.03586,
              26.854848
            ],
            [
              92.072757,
              26.887766
            ],
            [
              92.080371,
              26.921571
            ],
            [
              92.083919,
              26.937323
            ],
            [
              92.066969,
              26.994839
            ],
            [
              92.066969,
              26.994943
            ],
            [
              92.049709,
              27.026827
            ],
            [
              91.999893,
              27.071527
            ],
            [
              91.987697,
              27.104031
            ],
            [
              91.987904,
              27.122273
            ],
            [
              91.990798,
              27.140773
            ],
            [
              91.995862,
              27.158033
            ],
            [
              92.002994,
              27.172606
            ],
            [
              92.005788,
              27.176112
            ],
            [
              92.008471,
              27.179479
            ],
            [
              92.021494,
              27.19183
            ],
            [
              92.027075,
              27.19984
            ],
            [
              92.029969,
              27.20847
            ],
            [
              92.033173,
              27.227435
            ],
            [
              92.03679,
              27.236478
            ],
            [
              92.050639,
              27.251413
            ],
            [
              92.081852,
              27.275132
            ],
            [
              92.088776,
              27.29234
            ],
            [
              92.084849,
              27.304226
            ],
            [
              92.023598,
              27.44678
            ],
            [
              91.975088,
              27.472433
            ],
            [
              91.963306,
              27.468919
            ],
            [
              91.900591,
              27.45973
            ],
            [
              91.856578,
              27.466239
            ],
            [
              91.816232,
              27.461357
            ],
            [
              91.779555,
              27.456475
            ],
            [
              91.727092,
              27.459942
            ],
            [
              91.727041,
              27.460005
            ],
            [
              91.704924,
              27.468764
            ],
            [
              91.680223,
              27.472846
            ],
            [
              91.657382,
              27.479151
            ],
            [
              91.641672,
              27.494964
            ],
            [
              91.632887,
              27.511655
            ],
            [
              91.604465,
              27.532145
            ],
            [
              91.59506,
              27.546382
            ],
            [
              91.573252,
              27.619711
            ],
            [
              91.579867,
              27.657977
            ],
            [
              91.626686,
              27.716423
            ],
            [
              91.634957,
              27.746571
            ],
            [
              91.63577,
              27.782525
            ],
            [
              91.605336,
              27.810658
            ],
            [
              91.566023,
              27.821074
            ],
            [
              91.564355,
              27.851372
            ],
            [
              91.628339,
              27.852694
            ]
          ]
        ]
      },
      "properties": {
        "name": "India–Bhutan border",
        "name:en": "India–Bhutan border",
        "disputed": false,
        "admin_level": 2
      }
    },
    {
      "type": "Feature",
      "geometry": {
        "type": "MultiLineString",
        "coordinates": [
          [
            [
              88.980046,
              27.49798
            ],
            [
              88.97521,
              27.506839
            ],
            [
              88.972955,
              27.517659
            ],
            [
              88.978366,
              27.530283
            ],
            [
              88.992793,
              27.537497
            ],
            [
              89.004966,
              27.54967
            ],
            [
              89.002712,
              27.560491
            ],
            [
              89.016238,
              27.57582
            ],
            [
              89.03337,
              27.578976
            ],
            [
              89.039682,
              27.594305
            ],
            [
              89.050954,
              27.608282
            ],
            [
              89.064029,
              27.615946
            ],
            [
              89.091531,
              27.625865
            ],
            [
              89.102351,
              27.623611
            ],
            [
              89.105865,
              27.622952
            ]
          ]
        ]
      },
      "properties": {
        "name": "Bhutan–China border (west)",
        "name:en": "Bhutan–China border (west)",
        "disputed": false,
        "admin_level": 2
      }
    },
    {
      "type": "Feature",
      "geometry": {
        "type": "MultiLineString",
        "coordinates": [
          [
            [
              89.796048,
              28.24019
            ],
            [
              89.780855,
              28.228769
            ],
            [
              89.773621,
              28.212775
            ],
            [
              89.755844,
              28.184379
            ],
            [
              89.71781,
              28.169083
            ],
            [
              89.597817,
              28.149807
            ],
            [
              89.579421,
              28.14464
            ],
            [
              89.561489,
              28.13464
            ],
            [
              89.515032,
              28.081905
            ],
            [
              89.495343,
              28.068004
            ],
            [
              89.475344,
              28.061337
            ],
            [
              89.458808,
              28.047798
            ],
            [
              89.444545,
              28.031184
            ],
            [
              89.421187,
              27.994726
            ],
            [
              89.420981,
              27.994726
            ],
            [
              89.417364,
              27.988654
            ],
            [
              89.370131,
              27.909357
            ],
            [
              89.336025,
              27.869075
            ],
            [
              89.299489,
              27.844245
            ],
            [
              89.258717,
              27.827553
            ],
            [
              89.22492,
              27.807813
            ]
          ]
        ]
      },
      "properties": {
        "name": "Bhutan–China border (SW)",
        "name:en": "Bhutan–China border (SW)",
        "disputed": false,
        "admin_level": 2
      }
    },
    {
      "type": "Feature",
      "geometry": {
        "type": "MultiLineString",
        "coordinates": [
          [
            [
              90.329504,
              28.255796
            ],
            [
              90.29147,
              28.261351
            ],
            [
              90.261804,
              28.299141
            ],
            [
              90.261804,
              28.335354
            ],
            [
              90.225591,
              28.358399
            ]
          ],
          [
            [
              90.225591,
              28.358399
            ],
            [
              90.199254,
              28.348523
            ],
            [
              90.176209,
              28.325478
            ],
            [
              90.153164,
              28.322185
            ]
          ],
          [
            [
              90.153164,
              28.322185
            ],
            [
              90.123535,
              28.335354
            ],
            [
              90.07086,
              28.34523
            ]
          ],
          [
            [
              90.07086,
              28.34523
            ],
            [
              89.990455,
              28.320624
            ],
            [
              89.971593,
              28.31804
            ],
            [
              89.952524,
              28.308247
            ]
          ],
          [
            [
              89.952524,
              28.308247
            ],
            [
              89.91613,
              28.315601
            ]
          ],
          [
            [
              89.91613,
              28.315601
            ],
            [
              89.881314,
              28.297525
            ]
          ],
          [
            [
              89.881314,
              28.297525
            ],
            [
              89.873615,
              28.300599
            ]
          ],
          [
            [
              89.873615,
              28.300599
            ],
            [
              89.862918,
              28.295793
            ],
            [
              89.854029,
              28.287267
            ],
            [
              89.83863,
              28.267914
            ],
            [
              89.829741,
              28.259155
            ],
            [
              89.796048,
              28.24019
            ]
          ],
          [
            [
              90.416535,
              28.28268
            ],
            [
              90.386905,
              28.299141
            ]
          ],
          [
            [
              90.386905,
              28.299141
            ],
            [
              90.353984,
              28.299141
            ],
            [
              90.329504,
              28.255796
            ]
          ],
          [
            [
              90.475232,
              28.072344
            ],
            [
              90.485669,
              28.124657
            ],
            [
              90.515299,
              28.154287
            ],
            [
              90.54822,
              28.157579
            ],
            [
              90.567973,
              28.1905
            ],
            [
              90.597602,
              28.200376
            ],
            [
              90.587726,
              28.233298
            ],
            [
              90.54822,
              28.246466
            ],
            [
              90.505422,
              28.249758
            ],
            [
              90.45604,
              28.28268
            ]
          ],
          [
            [
              90.45604,
              28.28268
            ],
            [
              90.416535,
              28.28268
            ]
          ]
        ]
      },
      "properties": {
        "name": "Bhutan–China border (north)",
        "name:en": "Bhutan–China border (north)",
        "disputed": false,
        "admin_level": 2
      }
    },
    {
      "type": "Feature",
      "geometry": {
        "type": "MultiLineString",
        "coordinates": [
          [
            [
              91.628339,
              27.852694
            ],
            [
              91.637124,
              27.87724
            ],
            [
              91.648907,
              27.897213
            ],
            [
              91.652834,
              27.916747
            ],
            [
              91.637951,
              27.939743
            ],
            [
              91.621725,
              27.950724
            ],
            [
              91.600641,
              27.959276
            ],
            [
              91.578627,
              27.964702
            ],
            [
              91.537492,
              27.969353
            ],
            [
              91.497495,
              27.984081
            ],
            [
              91.460908,
              27.984365
            ],
            [
              91.446438,
              27.986355
            ],
            [
              91.436483,
              27.989375
            ],
            [
              91.418843,
              27.994726
            ],
            [
              91.341432,
              28.030564
            ],
            [
              91.309599,
              28.056402
            ],
            [
              91.290169,
              28.091413
            ],
            [
              91.269705,
              28.072861
            ],
            [
              91.246141,
              28.071466
            ],
            [
              91.220612,
              28.074877
            ],
            [
              91.194671,
              28.070587
            ],
            [
              91.175861,
              28.057487
            ],
            [
              91.133796,
              28.014105
            ],
            [
              91.119637,
              27.994881
            ],
            [
              91.11943,
              27.994778
            ],
            [
              91.11943,
              27.994726
            ],
            [
              91.092558,
              27.971679
            ],
            [
              91.051941,
              27.96279
            ],
            [
              91.008842,
              27.96677
            ],
            [
              90.975149,
              27.982092
            ],
            [
              90.960577,
              27.994726
            ],
            [
              90.90952,
              28.032657
            ],
            [
              90.850919,
              28.044026
            ],
            [
              90.788701,
              28.047488
            ],
            [
              90.755278,
              28.055173
            ],
            [
              90.726896,
              28.061699
            ],
            [
              90.683901,
              28.087072
            ],
            [
              90.667468,
              28.090328
            ],
            [
              90.651035,
              28.086995
            ],
            [
              90.621889,
              28.072965
            ],
            [
              90.597395,
              28.070587
            ],
            [
              90.575277,
              28.065833
            ],
            [
              90.510061,
              28.074101
            ],
            [
              90.492595,
              28.074412
            ],
            [
              90.475232,
              28.072344
            ]
          ]
        ]
      },
      "properties": {
        "name": "Bhutan–China border (east)",
        "name:en": "Bhutan–China border (east)",
        "disputed": false,
        "admin_level": 2
      }
    },
    {
      "type": "Feature",
      "geometry": {
        "type": "MultiLineString",
        "coordinates": [
          [
            [
              97.292903,
              27.87755
            ],
            [
              97.314917,
              27.884604
            ],
            [
              97.333521,
              27.894164
            ],
            [
              97.338172,
              27.901554
            ],
            [
              97.336311,
              27.913181
            ],
            [
              97.335691,
              27.935609
            ],
            [
              97.340032,
              27.951809
            ],
            [
              97.356775,
              27.980567
            ],
            [
              97.362253,
              27.994881
            ],
            [
              97.355122,
              28.023045
            ],
            [
              97.306546,
              28.069657
            ],
            [
              97.292903,
              28.095082
            ],
            [
              97.298898,
              28.12924
            ],
            [
              97.328663,
              28.190012
            ],
            [
              97.323496,
              28.217478
            ]
          ],
          [
            [
              97.260657,
              27.912044
            ],
            [
              97.276367,
              27.910339
            ],
            [
              97.288046,
              27.897756
            ],
            [
              97.288666,
              27.884346
            ],
            [
              97.292903,
              27.87755
            ]
          ],
          [
            [
              97.106041,
              27.082586
            ],
            [
              97.119167,
              27.087288
            ],
            [
              97.122888,
              27.093696
            ],
            [
              97.133016,
              27.119586
            ],
            [
              97.134773,
              27.127338
            ],
            [
              97.129296,
              27.13788
            ],
            [
              97.120821,
              27.143926
            ],
            [
              97.111726,
              27.148835
            ],
            [
              97.104388,
              27.156018
            ],
            [
              97.1017,
              27.165268
            ],
            [
              97.101287,
              27.183303
            ],
            [
              97.095499,
              27.191261
            ],
            [
              97.067904,
              27.2171
            ],
            [
              96.905123,
              27.408406
            ],
            [
              96.881352,
              27.444114
            ],
            [
              96.877011,
              27.463079
            ],
            [
              96.890241,
              27.492483
            ],
            [
              96.888484,
              27.507185
            ],
            [
              96.884659,
              27.515841
            ],
            [
              96.881042,
              27.534393
            ],
            [
              96.880319,
              27.54385
            ],
            [
              96.877321,
              27.553074
            ],
            [
              96.866159,
              27.568448
            ],
            [
              96.862025,
              27.578369
            ],
            [
              96.862129,
              27.599298
            ],
            [
              96.87019,
              27.61909
            ],
            [
              96.883523,
              27.636325
            ],
            [
              96.899749,
              27.649476
            ],
            [
              96.93954,
              27.674023
            ],
            [
              96.957006,
              27.688079
            ],
            [
              96.990906,
              27.726629
            ],
            [
              97.004032,
              27.734277
            ],
            [
              97.036175,
              27.74292
            ],
            [
              97.050541,
              27.746783
            ],
            [
              97.056742,
              27.746783
            ],
            [
              97.060359,
              27.750452
            ],
            [
              97.062013,
              27.763345
            ],
            [
              97.06532,
              27.773991
            ],
            [
              97.072348,
              27.779184
            ],
            [
              97.092192,
              27.785489
            ],
            [
              97.098186,
              27.791018
            ],
            [
              97.106041,
              27.805539
            ],
            [
              97.112449,
              27.809208
            ],
            [
              97.123198,
              27.812154
            ],
            [
              97.131776,
              27.816856
            ],
            [
              97.182109,
              27.857267
            ],
            [
              97.198025,
              27.873261
            ],
            [
              97.210944,
              27.889513
            ],
            [
              97.222933,
              27.899719
            ],
            [
              97.241227,
              27.907858
            ],
            [
              97.260657,
              27.912044
            ]
          ],
          [
            [
              96.687255,
              27.361742
            ],
            [
              96.705239,
              27.36076
            ],
            [
              96.724152,
              27.356264
            ],
            [
              96.758879,
              27.341743
            ],
            [
              96.776346,
              27.330633
            ],
            [
              96.789161,
              27.317972
            ],
            [
              96.809935,
              27.285777
            ],
            [
              96.821718,
              27.273065
            ],
            [
              96.853757,
              27.248725
            ],
            [
              96.859648,
              27.240716
            ],
            [
              96.851276,
              27.221182
            ],
            [
              96.841768,
              27.204387
            ],
            [
              96.842698,
              27.188522
            ],
            [
              96.865332,
              27.171624
            ],
            [
              97.002998,
              27.114522
            ],
            [
              97.011887,
              27.107029
            ],
            [
              97.018915,
              27.098709
            ],
            [
              97.02677,
              27.091474
            ],
            [
              97.038035,
              27.08703
            ]
          ],
          [
            [
              96.636406,
              27.335542
            ],
            [
              96.649015,
              27.336214
            ],
            [
              96.659247,
              27.341433
            ],
            [
              96.675887,
              27.357659
            ],
            [
              96.687255,
              27.361742
            ]
          ],
          [
            [
              96.5869,
              27.353577
            ],
            [
              96.614185,
              27.348409
            ],
            [
              96.623177,
              27.343655
            ],
            [
              96.629275,
              27.338694
            ],
            [
              96.636406,
              27.335542
            ]
          ],
          [
            [
              96.490058,
              27.290738
            ],
            [
              96.510936,
              27.292495
            ],
            [
              96.531813,
              27.298542
            ],
            [
              96.547316,
              27.306448
            ],
            [
              96.56747,
              27.328307
            ],
            [
              96.576048,
              27.345412
            ],
            [
              96.5869,
              27.353577
            ]
          ],
          [
            [
              96.407789,
              27.29818
            ],
            [
              96.474659,
              27.295389
            ],
            [
              96.490058,
              27.290738
            ]
          ],
          [
            [
              95.574765,
              26.816142
            ],
            [
              95.591302,
              26.823739
            ],
            [
              95.603394,
              26.844254
            ],
            [
              95.613316,
              26.867922
            ],
            [
              95.624271,
              26.880738
            ],
            [
              95.639981,
              26.886422
            ],
            [
              95.686076,
              26.89128
            ],
            [
              95.699305,
              26.896189
            ],
            [
              95.709227,
              26.907454
            ],
            [
              95.734962,
              26.947297
            ],
            [
              95.777957,
              26.995149
            ],
            [
              95.804932,
              27.004761
            ],
            [
              95.861466,
              27.014218
            ],
            [
              95.888855,
              27.027034
            ],
            [
              95.91645,
              27.051373
            ],
            [
              95.938361,
              27.079899
            ],
            [
              95.974844,
              27.142892
            ],
            [
              96.013188,
              27.190796
            ],
            [
              96.074166,
              27.229864
            ],
            [
              96.142586,
              27.25751
            ],
            [
              96.407789,
              27.29818
            ]
          ],
          [
            [
              97.077206,
              27.096487
            ],
            [
              97.089918,
              27.092198
            ],
            [
              97.09798,
              27.085893
            ],
            [
              97.106041,
              27.082586
            ]
          ],
          [
            [
              97.038035,
              27.08703
            ],
            [
              97.047854,
              27.087805
            ],
            [
              97.058827,
              27.092076
            ],
            [
              97.066974,
              27.095246
            ],
            [
              97.077206,
              27.096487
            ]
          ],
          [
            [
              95.531357,
              26.820276
            ],
            [
              95.554405,
              26.816607
            ],
            [
              95.574765,
              26.816142
            ]
          ],
          [
            [
              95.260573,
              26.647625
            ],
            [
              95.278969,
              26.652948
            ],
            [
              95.31597,
              26.669071
            ],
            [
              95.392658,
              26.691757
            ],
            [
              95.410641,
              26.701627
            ],
            [
              95.439993,
              26.735372
            ],
            [
              95.462731,
              26.777178
            ],
            [
              95.489809,
              26.810716
            ],
            [
              95.531357,
              26.820276
            ]
          ],
          [
            [
              95.223262,
              26.670363
            ],
            [
              95.239075,
              26.649641
            ],
            [
              95.246933,
              26.648904
            ],
            [
              95.260573,
              26.647625
            ]
          ],
          [
            [
              94.543407,
              24.70733
            ],
            [
              94.555706,
              24.708855
            ],
            [
              94.569452,
              24.716399
            ],
            [
              94.581544,
              24.73012
            ],
            [
              94.589502,
              24.74725
            ],
            [
              94.593223,
              24.765931
            ],
            [
              94.593223,
              24.783786
            ],
            [
              94.599011,
              24.813474
            ],
            [
              94.639112,
              24.862799
            ],
            [
              94.654821,
              24.889154
            ],
            [
              94.673528,
              24.974807
            ],
            [
              94.689755,
              24.99509
            ],
            [
              94.708565,
              25.02589
            ],
            [
              94.713836,
              25.068264
            ],
            [
              94.706808,
              25.109941
            ],
            [
              94.689135,
              25.138518
            ],
            [
              94.653271,
              25.154125
            ],
            [
              94.612964,
              25.161359
            ],
            [
              94.576893,
              25.173607
            ],
            [
              94.553329,
              25.204147
            ],
            [
              94.550125,
              25.245282
            ],
            [
              94.608003,
              25.394627
            ],
            [
              94.630533,
              25.42739
            ],
            [
              94.65036,
              25.44665
            ],
            [
              94.659472,
              25.455502
            ],
            [
              94.692028,
              25.476327
            ],
            [
              94.711149,
              25.482787
            ],
            [
              94.745772,
              25.486611
            ],
            [
              94.764375,
              25.491675
            ],
            [
              94.782359,
              25.504594
            ],
            [
              94.80799,
              25.542628
            ],
            [
              94.822356,
              25.559113
            ],
            [
              94.831038,
              25.562472
            ],
            [
              94.850778,
              25.562782
            ],
            [
              94.860287,
              25.567174
            ],
            [
              94.86101,
              25.571412
            ],
            [
              94.852949,
              25.580765
            ],
            [
              94.853466,
              25.586036
            ],
            [
              94.857496,
              25.589344
            ],
            [
              94.868038,
              25.594718
            ],
            [
              94.871656,
              25.598025
            ],
            [
              94.961469,
              25.717966
            ],
            [
              94.969014,
              25.725614
            ],
            [
              94.978626,
              25.729077
            ],
            [
              94.999917,
              25.731557
            ],
            [
              95.008805,
              25.737138
            ],
            [
              95.015316,
              25.755122
            ],
            [
              95.013456,
              25.777704
            ],
            [
              94.993199,
              25.880954
            ],
            [
              94.994026,
              25.900436
            ],
            [
              95.00064,
              25.922036
            ],
            [
              95.012009,
              25.931442
            ],
            [
              95.049423,
              25.943741
            ],
            [
              95.065856,
              25.953817
            ],
            [
              95.10823,
              25.995107
            ],
            [
              95.139546,
              26.029937
            ],
            [
              95.151225,
              26.049936
            ],
            [
              95.150088,
              26.070968
            ],
            [
              95.137479,
              26.082957
            ],
            [
              95.101719,
              26.093395
            ],
            [
              95.08818,
              26.104093
            ],
            [
              95.078361,
              26.171324
            ],
            [
              95.082392,
              26.179798
            ],
            [
              95.08973,
              26.187602
            ],
            [
              95.094484,
              26.195043
            ],
            [
              95.090764,
              26.202691
            ],
            [
              95.082806,
              26.206619
            ],
            [
              95.074537,
              26.208324
            ],
            [
              95.066373,
              26.211011
            ],
            [
              95.058724,
              26.217677
            ],
            [
              95.046322,
              26.24796
            ],
            [
              95.041775,
              26.287596
            ],
            [
              95.043635,
              26.327696
            ],
            [
              95.050456,
              26.359064
            ],
            [
              95.064202,
              26.392602
            ],
            [
              95.066062,
              26.407433
            ],
            [
              95.061722,
              26.426605
            ],
            [
              95.042601,
              26.459678
            ],
            [
              95.040638,
              26.475594
            ],
            [
              95.054384,
              26.49487
            ],
            [
              95.054384,
              26.494921
            ],
            [
              95.069887,
              26.506239
            ],
            [
              95.099239,
              26.536107
            ],
            [
              95.109574,
              26.5513
            ],
            [
              95.114948,
              26.562566
            ],
            [
              95.116189,
              26.569335
            ],
            [
              95.115879,
              26.57564
            ],
            [
              95.119082,
              26.604217
            ],
            [
              95.122803,
              26.611607
            ],
            [
              95.132622,
              26.620805
            ],
            [
              95.141407,
              26.624991
            ],
            [
              95.163421,
              26.629745
            ],
            [
              95.173239,
              26.633828
            ],
            [
              95.181611,
              26.641682
            ],
            [
              95.195564,
              26.660751
            ],
            [
              95.204865,
              26.667572
            ],
            [
              95.223262,
              26.670363
            ]
          ],
          [
            [
              94.531005,
              24.707485
            ],
            [
              94.543407,
              24.70733
            ]
          ],
          [
            [
              94.11687,
              23.841647
            ],
            [
              94.128859,
              23.853905
            ],
            [
              94.131856,
              23.856969
            ],
            [
              94.13506,
              23.877303
            ],
            [
              94.133613,
              23.899162
            ],
            [
              94.13506,
              23.919006
            ],
            [
              94.144878,
              23.938876
            ],
            [
              94.19025,
              23.995281
            ],
            [
              94.193868,
              24.009673
            ],
            [
              94.199139,
              24.048094
            ],
            [
              94.203686,
              24.057757
            ],
            [
              94.214125,
              24.069178
            ],
            [
              94.218466,
              24.08667
            ],
            [
              94.222186,
              24.122637
            ],
            [
              94.233969,
              24.160335
            ],
            [
              94.282751,
              24.266427
            ],
            [
              94.286885,
              24.283067
            ],
            [
              94.289986,
              24.31676
            ],
            [
              94.29536,
              24.332599
            ],
            [
              94.302802,
              24.341022
            ],
            [
              94.323679,
              24.354664
            ],
            [
              94.330707,
              24.362855
            ],
            [
              94.33174,
              24.371098
            ],
            [
              94.32833,
              24.388487
            ],
            [
              94.328743,
              24.394481
            ],
            [
              94.340009,
              24.406005
            ],
            [
              94.352204,
              24.413937
            ],
            [
              94.361196,
              24.425409
            ],
            [
              94.363676,
              24.46582
            ],
            [
              94.370394,
              24.477732
            ],
            [
              94.381866,
              24.48631
            ],
            [
              94.397059,
              24.495069
            ],
            [
              94.410805,
              24.545945
            ],
            [
              94.418453,
              24.560311
            ],
            [
              94.430236,
              24.570904
            ],
            [
              94.474987,
              24.597389
            ],
            [
              94.48708,
              24.620462
            ],
            [
              94.507957,
              24.689011
            ],
            [
              94.516329,
              24.704953
            ],
            [
              94.531005,
              24.707485
            ]
          ],
          [
            [
              93.348545,
              24.088893
            ],
            [
              93.368285,
              24.07848
            ],
            [
              93.3965,
              24.037526
            ],
            [
              93.406526,
              24.025847
            ],
            [
              93.439185,
              23.995229
            ],
            [
              93.445593,
              23.981612
            ],
            [
              93.449004,
              23.968926
            ],
            [
              93.456652,
              23.95996
            ],
            [
              93.474842,
              23.957505
            ]
          ],
          [
            [
              93.246535,
              23.004488
            ],
            [
              93.272787,
              23.00591
            ],
            [
              93.298832,
              23.01795
            ],
            [
              93.318262,
              23.03366
            ],
            [
              93.333352,
              23.052289
            ],
            [
              93.3749,
              23.129726
            ],
            [
              93.37521,
              23.142154
            ],
            [
              93.373039,
              23.154221
            ],
            [
              93.372729,
              23.169827
            ],
            [
              93.380791,
              23.237265
            ],
            [
              93.37645,
              23.279485
            ],
            [
              93.377897,
              23.296822
            ],
            [
              93.384201,
              23.313126
            ],
            [
              93.403735,
              23.338757
            ],
            [
              93.407249,
              23.347258
            ],
            [
              93.407766,
              23.356379
            ],
            [
              93.405905,
              23.36767
            ],
            [
              93.399808,
              23.426091
            ],
            [
              93.400221,
              23.454022
            ],
            [
              93.432364,
              23.647317
            ],
            [
              93.430297,
              23.680339
            ],
            [
              93.425956,
              23.690803
            ],
            [
              93.412313,
              23.708709
            ],
            [
              93.406319,
              23.719122
            ],
            [
              93.374796,
              23.739017
            ],
            [
              93.35826,
              23.855263
            ],
            [
              93.35919,
              23.890946
            ],
            [
              93.355986,
              23.906991
            ],
            [
              93.351852,
              23.913916
            ],
            [
              93.345961,
              23.918696
            ],
            [
              93.337589,
              23.928411
            ],
            [
              93.316092,
              23.961097
            ],
            [
              93.308134,
              23.977504
            ],
            [
              93.302966,
              23.995281
            ],
            [
              93.301106,
              24.016571
            ],
            [
              93.302559,
              24.035775
            ],
            [
              93.302966,
              24.041143
            ],
            [
              93.309684,
              24.063984
            ],
            [
              93.32219,
              24.080056
            ],
            [
              93.348545,
              24.088893
            ]
          ],
          [
            [
              93.660464,
              24.011223
            ],
            [
              93.711106,
              24.005461
            ],
            [
              93.743042,
              23.995281
            ],
            [
              93.782833,
              23.945465
            ],
            [
              93.803711,
              23.936059
            ]
          ],
          [
            [
              93.561348,
              23.965696
            ],
            [
              93.571063,
              23.968021
            ],
            [
              93.576954,
              23.973008
            ],
            [
              93.581812,
              23.979597
            ],
            [
              93.585636,
              23.987297
            ],
            [
              93.588013,
              23.995229
            ],
            [
              93.612404,
              24.009052
            ],
            [
              93.660464,
              24.011223
            ]
          ],
          [
            [
              93.543468,
              23.980889
            ],
            [
              93.549979,
              23.978021
            ],
            [
              93.55525,
              23.970993
            ],
            [
              93.561348,
              23.965696
            ]
          ],
          [
            [
              93.474842,
              23.957505
            ],
            [
              93.495719,
              23.959133
            ],
            [
              93.526828,
              23.975385
            ],
            [
              93.543468,
              23.980889
            ]
          ],
          [
            [
              93.883189,
              23.94531
            ],
            [
              93.912334,
              23.939005
            ],
            [
              93.94055,
              23.928876
            ],
            [
              93.97507,
              23.920918
            ],
            [
              93.997911,
              23.916965
            ],
            [
              94.055065,
              23.887949
            ],
            [
              94.071084,
              23.876115
            ],
            [
              94.085347,
              23.857511
            ],
            [
              94.099713,
              23.842628
            ],
            [
              94.11687,
              23.841647
            ]
          ],
          [
            [
              93.803711,
              23.936059
            ],
            [
              93.883189,
              23.94531
            ]
          ],
          [
            [
              93.177082,
              23.058439
            ],
            [
              93.196512,
              23.053839
            ],
            [
              93.212119,
              23.039887
            ],
            [
              93.225555,
              23.020379
            ],
            [
              93.246535,
              23.004488
            ]
          ],
          [
            [
              93.115897,
              22.798403
            ],
            [
              93.125302,
              22.821554
            ],
            [
              93.161062,
              22.860983
            ],
            [
              93.175532,
              22.881705
            ],
            [
              93.177392,
              22.900205
            ],
            [
              93.171088,
              22.920437
            ],
            [
              93.151141,
              22.956223
            ],
            [
              93.143182,
              22.977513
            ],
            [
              93.138221,
              23.005264
            ],
            [
              93.140082,
              23.031903
            ],
            [
              93.152381,
              23.049938
            ],
            [
              93.177082,
              23.058439
            ]
          ],
          [
            [
              93.112383,
              22.799953
            ],
            [
              93.115897,
              22.798403
            ]
          ],
          [
            [
              93.129747,
              22.231616
            ],
            [
              93.151451,
              22.240969
            ],
            [
              93.161269,
              22.242519
            ],
            [
              93.169021,
              22.246912
            ],
            [
              93.173672,
              22.259418
            ],
            [
              93.174292,
              22.269391
            ],
            [
              93.16592,
              22.386593
            ],
            [
              93.153518,
              22.427521
            ],
            [
              93.117861,
              22.462868
            ],
            [
              93.109593,
              22.479042
            ],
            [
              93.099154,
              22.51196
            ],
            [
              93.098224,
              22.535266
            ],
            [
              93.109076,
              22.574696
            ],
            [
              93.110523,
              22.596348
            ],
            [
              93.104425,
              22.615933
            ],
            [
              93.081894,
              22.65283
            ],
            [
              93.073936,
              22.671899
            ],
            [
              93.070835,
              22.69288
            ],
            [
              93.079517,
              22.77272
            ],
            [
              93.112383,
              22.799953
            ]
          ],
          [
            [
              93.124786,
              22.232287
            ],
            [
              93.129747,
              22.231616
            ]
          ],
          [
            [
              93.119515,
              22.180973
            ],
            [
              93.141735,
              22.187277
            ],
            [
              93.123132,
              22.218387
            ],
            [
              93.123545,
              22.230686
            ],
            [
              93.124786,
              22.232287
            ]
          ],
          [
            [
              93.045824,
              22.206863
            ],
            [
              93.072489,
              22.20247
            ],
            [
              93.090576,
              22.197148
            ],
            [
              93.104322,
              22.187174
            ],
            [
              93.119515,
              22.180973
            ]
          ],
          [
            [
              92.961695,
              21.986876
            ],
            [
              92.968103,
              21.987238
            ],
            [
              92.974924,
              21.990907
            ],
            [
              92.977094,
              21.993026
            ],
            [
              92.978955,
              21.995351
            ],
            [
              92.979885,
              22.002276
            ],
            [
              92.979575,
              22.009355
            ],
            [
              92.977921,
              22.016487
            ],
            [
              92.974924,
              22.023308
            ],
            [
              92.968413,
              22.036175
            ],
            [
              92.965312,
              22.04956
            ],
            [
              92.967172,
              22.062685
            ],
            [
              92.985466,
              22.095965
            ],
            [
              92.995181,
              22.103251
            ],
            [
              93.00748,
              22.105939
            ],
            [
              93.025464,
              22.112915
            ],
            [
              93.02257,
              22.120976
            ],
            [
              93.023913,
              22.188828
            ],
            [
              93.022363,
              22.196217
            ],
            [
              93.024533,
              22.201902
            ],
            [
              93.036419,
              22.206243
            ],
            [
              93.045824,
              22.206863
            ]
          ],
          [
            [
              92.683779,
              22.154308
            ],
            [
              92.708067,
              22.147952
            ],
            [
              92.771629,
              22.104182
            ],
            [
              92.836121,
              22.046511
            ],
            [
              92.853898,
              22.024135
            ],
            [
              92.862063,
              21.995403
            ],
            [
              92.867024,
              21.966516
            ],
            [
              92.877462,
              21.957007
            ]
          ],
          [
            [
              92.669516,
              22.092658
            ],
            [
              92.67396,
              22.095242
            ],
            [
              92.674684,
              22.105577
            ],
            [
              92.671067,
              22.133896
            ],
            [
              92.67396,
              22.147073
            ],
            [
              92.683779,
              22.154308
            ]
          ],
          [
            [
              92.662075,
              22.094777
            ],
            [
              92.664555,
              22.093846
            ],
            [
              92.669516,
              22.092658
            ]
          ],
          [
            [
              92.575879,
              21.977574
            ],
            [
              92.583837,
              21.980313
            ],
            [
              92.591278,
              21.984241
            ],
            [
              92.597996,
              21.989305
            ],
            [
              92.603887,
              21.995403
            ],
            [
              92.615256,
              22.008787
            ],
            [
              92.627555,
              22.012353
            ],
            [
              92.639854,
              22.013386
            ],
            [
              92.650913,
              22.019174
            ],
            [
              92.658354,
              22.032816
            ],
            [
              92.658354,
              22.046562
            ],
            [
              92.65608,
              22.060567
            ],
            [
              92.656184,
              22.075294
            ],
            [
              92.662075,
              22.094777
            ]
          ],
          [
            [
              92.920974,
              22.021809
            ],
            [
              92.937407,
              22.013024
            ],
            [
              92.950326,
              21.995351
            ],
            [
              92.955597,
              21.989615
            ],
            [
              92.961695,
              21.986876
            ]
          ],
          [
            [
              92.877462,
              21.957007
            ],
            [
              92.889244,
              21.966722
            ],
            [
              92.89865,
              21.995403
            ],
            [
              92.906194,
              22.017314
            ],
            [
              92.920974,
              22.021809
            ]
          ]
        ]
      },
      "properties": {
        "name": "India–Myanmar border",
        "name:en": "India–Myanmar border",
        "disputed": false,
        "admin_level": 2
      }
    },
    {
      "type": "Feature",
      "geometry": {
        "type": "MultiLineString",
        "coordinates": [
          [
            [
              75.298403,
              32.332427
            ],
            [
              75.326906,
              32.312473
            ],
            [
              75.35295,
              32.284387
            ],
            [
              75.359048,
              32.261675
            ],
            [
              75.34861,
              32.242012
            ],
            [
              75.31657,
              32.210748
            ],
            [
              75.308405,
              32.193902
            ],
            [
              75.29807,
              32.159795
            ],
            [
              75.294659,
              32.148892
            ]
          ],
          [
            [
              75.294659,
              32.148892
            ],
            [
              75.263344,
              32.150907
            ]
          ],
          [
            [
              75.263344,
              32.150907
            ],
            [
              75.249908,
              32.148892
            ],
            [
              75.226447,
              32.14207
            ],
            [
              75.195751,
              32.128634
            ],
            [
              75.173116,
              32.109721
            ],
            [
              75.17415,
              32.086828
            ]
          ],
          [
            [
              75.110278,
              32.07763
            ],
            [
              75.102113,
              32.078095
            ],
            [
              75.040825,
              32.09799
            ]
          ],
          [
            [
              75.040825,
              32.09799
            ],
            [
              75.022635,
              32.094683
            ],
            [
              75.030179,
              32.066416
            ],
            [
              75.020154,
              32.065847
            ]
          ],
          [
            [
              75.17415,
              32.086828
            ],
            [
              75.161334,
              32.087965
            ],
            [
              75.13839,
              32.093494
            ]
          ],
          [
            [
              75.13839,
              32.093494
            ],
            [
              75.129812,
              32.090239
            ],
            [
              75.11896,
              32.08104
            ],
            [
              75.110278,
              32.07763
            ]
          ],
          [
            [
              75.020154,
              32.065847
            ],
            [
              74.995556,
              32.067398
            ]
          ],
          [
            [
              74.995556,
              32.067398
            ],
            [
              74.986151,
              32.063212
            ],
            [
              74.978503,
              32.053393
            ],
            [
              74.974059,
              32.04497
            ],
            [
              74.967858,
              32.037891
            ],
            [
              74.955662,
              32.032206
            ],
            [
              74.931374,
              32.029829
            ]
          ],
          [
            [
              74.931374,
              32.029829
            ],
            [
              74.908843,
              32.031896
            ]
          ],
          [
            [
              74.908843,
              32.031896
            ],
            [
              74.889103,
              32.028899
            ],
            [
              74.873186,
              32.011691
            ]
          ],
          [
            [
              74.873186,
              32.011691
            ],
            [
              74.828641,
              32.025437
            ]
          ],
          [
            [
              74.828641,
              32.025437
            ],
            [
              74.811278,
              32.003732
            ],
            [
              74.802493,
              31.968851
            ],
            [
              74.783683,
              31.942858
            ],
            [
              74.763012,
              31.938982
            ]
          ],
          [
            [
              74.763012,
              31.938982
            ],
            [
              74.698417,
              31.950247
            ]
          ],
          [
            [
              74.698417,
              31.950247
            ],
            [
              74.669995,
              31.904152
            ],
            [
              74.657179,
              31.895677
            ],
            [
              74.641056,
              31.890561
            ],
            [
              74.565608,
              31.840538
            ],
            [
              74.550415,
              31.826999
            ],
            [
              74.540804,
              31.810876
            ],
            [
              74.537393,
              31.788913
            ],
            [
              74.53698,
              31.775736
            ],
            [
              74.535119,
              31.771137
            ],
            [
              74.530778,
              31.767829
            ],
            [
              74.523027,
              31.758476
            ],
            [
              74.521167,
              31.753773
            ],
            [
              74.518273,
              31.741836
            ],
            [
              74.516206,
              31.737392
            ],
            [
              74.513312,
              31.735118
            ],
            [
              74.505457,
              31.732018
            ],
            [
              74.503287,
              31.730571
            ],
            [
              74.492641,
              31.714551
            ],
            [
              74.489437,
              31.711192
            ],
            [
              74.499463,
              31.699875
            ],
            [
              74.555583,
              31.612232
            ],
            [
              74.584522,
              31.517509
            ],
            [
              74.614598,
              31.477821
            ],
            [
              74.617181,
              31.458908
            ],
            [
              74.61191,
              31.440201
            ],
            [
              74.600025,
              31.42413
            ],
            [
              74.583695,
              31.40656
            ],
            [
              74.571603,
              31.389248
            ],
            [
              74.532225,
              31.303207
            ],
            [
              74.525301,
              31.280211
            ],
            [
              74.525094,
              31.235407
            ],
            [
              74.509074,
              31.195668
            ],
            [
              74.506387,
              31.175411
            ],
            [
              74.509591,
              31.156084
            ],
            [
              74.514862,
              31.141821
            ],
            [
              74.523544,
              31.129315
            ],
            [
              74.536773,
              31.115156
            ],
            [
              74.553103,
              31.108955
            ]
          ],
          [
            [
              74.596924,
              31.115776
            ],
            [
              74.616975,
              31.11526
            ],
            [
              74.631961,
              31.107508
            ],
            [
              74.650254,
              31.093142
            ],
            [
              74.658833,
              31.083789
            ],
            [
              74.600955,
              31.056607
            ],
            [
              74.579458,
              31.042706
            ],
            [
              74.564265,
              31.025032
            ],
            [
              74.564058,
              31.004362
            ],
            [
              74.548762,
              30.992166
            ],
            [
              74.534809,
              30.97625
            ],
            [
              74.519306,
              30.962452
            ],
            [
              74.499463,
              30.95651
            ],
            [
              74.477242,
              30.956096
            ],
            [
              74.458535,
              30.953409
            ],
            [
              74.441585,
              30.946174
            ],
            [
              74.424325,
              30.932325
            ],
            [
              74.41337,
              30.915065
            ],
            [
              74.409132,
              30.901009
            ],
            [
              74.401277,
              30.893103
            ]
          ],
          [
            [
              74.553103,
              31.108955
            ],
            [
              74.596924,
              31.115776
            ]
          ],
          [
            [
              74.401277,
              30.893103
            ],
            [
              74.379677,
              30.894498
            ],
            [
              74.353632,
              30.901112
            ],
            [
              74.34247,
              30.901939
            ]
          ],
          [
            [
              74.34247,
              30.901939
            ],
            [
              74.329757,
              30.899614
            ],
            [
              74.319215,
              30.893413
            ],
            [
              74.31074,
              30.884473
            ],
            [
              74.304022,
              30.874034
            ],
            [
              74.31136,
              30.855947
            ],
            [
              74.300198,
              30.83817
            ],
            [
              74.279941,
              30.824683
            ],
            [
              74.260201,
              30.819412
            ],
            [
              74.256687,
              30.815278
            ],
            [
              74.265782,
              30.795434
            ],
            [
              74.266712,
              30.788354
            ],
            [
              74.259167,
              30.781016
            ],
            [
              74.244078,
              30.771249
            ],
            [
              74.235706,
              30.764118
            ],
            [
              74.215139,
              30.737453
            ],
            [
              74.198809,
              30.724999
            ],
            [
              74.191161,
              30.717041
            ],
            [
              74.18465,
              30.696835
            ],
            [
              74.170077,
              30.687172
            ],
            [
              74.16677,
              30.67911
            ],
            [
              74.163669,
              30.664899
            ],
            [
              74.155711,
              30.659577
            ],
            [
              74.132663,
              30.655494
            ],
            [
              74.111476,
              30.646244
            ],
            [
              74.09587,
              30.637149
            ],
            [
              74.082227,
              30.625884
            ],
            [
              74.067448,
              30.610536
            ],
            [
              74.057112,
              30.591571
            ],
            [
              74.058249,
              30.574466
            ],
            [
              74.061453,
              30.555604
            ],
            [
              74.057526,
              30.531367
            ],
            [
              74.04409,
              30.518655
            ],
            [
              74.004402,
              30.50894
            ],
            [
              73.996031,
              30.500982
            ],
            [
              73.98983,
              30.487804
            ],
            [
              73.939083,
              30.426051
            ],
            [
              73.929265,
              30.419075
            ],
            [
              73.916656,
              30.417163
            ]
          ],
          [
            [
              73.916656,
              30.417163
            ],
            [
              73.899913,
              30.422124
            ]
          ],
          [
            [
              73.899913,
              30.422124
            ],
            [
              73.902083,
              30.415612
            ],
            [
              73.904253,
              30.401453
            ],
            [
              73.906114,
              30.394838
            ]
          ],
          [
            [
              73.906114,
              30.394838
            ],
            [
              73.887614,
              30.396544
            ]
          ],
          [
            [
              73.887614,
              30.396544
            ],
            [
              73.867666,
              30.387449
            ],
            [
              73.85175,
              30.372669
            ],
            [
              73.845239,
              30.35696
            ],
            [
              73.842345,
              30.35298
            ],
            [
              73.891644,
              30.329778
            ],
            [
              73.911901,
              30.303784
            ],
            [
              73.934639,
              30.261048
            ],
            [
              73.948902,
              30.217278
            ],
            [
              73.946831,
              30.204077
            ],
            [
              73.944354,
              30.188288
            ],
            [
              73.778266,
              30.067313
            ],
            [
              73.739716,
              30.048451
            ],
            [
              73.557815,
              30.012536
            ],
            [
              73.385215,
              29.942308
            ],
            [
              73.370332,
              29.927322
            ],
            [
              73.327441,
              29.80521
            ],
            [
              73.284756,
              29.683745
            ],
            [
              73.232873,
              29.536596
            ],
            [
              73.177993,
              29.443449
            ],
            [
              73.1289,
              29.360302
            ],
            [
              73.050869,
              29.228217
            ],
            [
              72.98865,
              29.15463
            ],
            [
              72.962915,
              29.116829
            ],
            [
              72.930359,
              29.047685
            ],
            [
              72.918164,
              29.032854
            ],
            [
              72.901524,
              29.022622
            ],
            [
              72.77254,
              28.96335
            ],
            [
              72.658541,
              28.911001
            ],
            [
              72.52563,
              28.84992
            ],
            [
              72.382176,
              28.784006
            ],
            [
              72.354581,
              28.767186
            ],
            [
              72.28027,
              28.687165
            ],
            [
              72.256499,
              28.645591
            ],
            [
              72.197794,
              28.44488
            ],
            [
              72.17764,
              28.397053
            ],
            [
              72.149942,
              28.353774
            ],
            [
              72.110978,
              28.317627
            ],
            [
              71.988195,
              28.228097
            ],
            [
              71.908303,
              28.135571
            ],
            [
              71.896934,
              28.115546
            ],
            [
              71.89156,
              28.097097
            ],
            [
              71.879984,
              27.974909
            ],
            [
              71.874403,
              27.95969
            ],
            [
              71.860864,
              27.950207
            ],
            [
              71.70139,
              27.906773
            ],
            [
              71.560727,
              27.868533
            ],
            [
              71.477115,
              27.862435
            ]
          ],
          [
            [
              70.831573,
              27.701463
            ],
            [
              70.761758,
              27.709783
            ],
            [
              70.710391,
              27.74115
            ],
            [
              70.671738,
              27.791095
            ],
            [
              70.640732,
              27.854787
            ],
            [
              70.637631,
              27.874217
            ],
            [
              70.64161,
              27.911269
            ],
            [
              70.633187,
              27.93163
            ],
            [
              70.621198,
              27.944135
            ],
            [
              70.592879,
              27.964496
            ],
            [
              70.559806,
              27.998447
            ],
            [
              70.534898,
              28.015965
            ],
            [
              70.506786,
              28.028962
            ],
            [
              70.477227,
              28.037256
            ],
            [
              70.456247,
              28.039788
            ]
          ],
          [
            [
              70.456247,
              28.039788
            ],
            [
              70.43692,
              28.035344
            ],
            [
              70.398266,
              28.02165
            ],
            [
              70.359509,
              28.016327
            ],
            [
              70.341939,
              28.01147
            ],
            [
              70.323852,
              28.000437
            ],
            [
              70.267731,
              27.945272
            ],
            [
              70.199002,
              27.90096
            ],
            [
              70.189028,
              27.89179
            ],
            [
              70.101953,
              27.81174
            ],
            [
              70.090688,
              27.79355
            ],
            [
              70.016894,
              27.60059
            ],
            [
              69.993536,
              27.571083
            ],
            [
              69.908063,
              27.497289
            ],
            [
              69.848015,
              27.410369
            ],
            [
              69.730606,
              27.310324
            ],
            [
              69.666114,
              27.270016
            ],
            [
              69.575577,
              27.188419
            ],
            [
              69.534443,
              27.125581
            ],
            [
              69.507571,
              27.050081
            ],
            [
              69.48597,
              26.926833
            ],
            [
              69.465093,
              26.80777
            ],
            [
              69.472844,
              26.766584
            ],
            [
              69.50416,
              26.735165
            ],
            [
              69.659396,
              26.677701
            ],
            [
              69.700221,
              26.653
            ],
            [
              69.772258,
              26.59507
            ],
            [
              69.815562,
              26.580291
            ]
          ],
          [
            [
              71.477115,
              27.862435
            ],
            [
              71.397791,
              27.868378
            ]
          ],
          [
            [
              71.397791,
              27.868378
            ],
            [
              71.31144,
              27.861711
            ],
            [
              71.226329,
              27.845356
            ],
            [
              71.150675,
              27.822411
            ],
            [
              71.027581,
              27.768048
            ],
            [
              70.91379,
              27.717818
            ],
            [
              70.831573,
              27.701463
            ]
          ],
          [
            [
              70.056064,
              26.589076
            ],
            [
              70.093685,
              26.580394
            ],
            [
              70.1296,
              26.562514
            ],
            [
              70.158074,
              26.530113
            ],
            [
              70.162931,
              26.493319
            ],
            [
              70.156989,
              26.410947
            ],
            [
              70.160503,
              26.371311
            ],
            [
              70.157144,
              26.354
            ],
            [
              70.147945,
              26.333226
            ],
            [
              70.142467,
              26.313692
            ],
            [
              70.144018,
              26.294313
            ],
            [
              70.151614,
              26.254058
            ],
            [
              70.146912,
              26.217419
            ],
            [
              70.132029,
              26.18047
            ],
            [
              70.078285,
              26.099648
            ],
            [
              70.073893,
              26.083112
            ],
            [
              70.072911,
              26.047455
            ],
            [
              70.064281,
              25.99552
            ],
            [
              70.064643,
              25.980327
            ],
            [
              70.083246,
              25.929943
            ],
            [
              70.114976,
              25.881729
            ],
            [
              70.15425,
              25.839406
            ],
            [
              70.195591,
              25.806953
            ],
            [
              70.213988,
              25.786334
            ],
            [
              70.234452,
              25.730989
            ],
            [
              70.249231,
              25.707683
            ],
            [
              70.264579,
              25.697296
            ],
            [
              70.303698,
              25.684583
            ],
            [
              70.360129,
              25.673473
            ]
          ],
          [
            [
              69.815562,
              26.580291
            ],
            [
              70.056064,
              26.589076
            ]
          ],
          [
            [
              70.592259,
              25.708819
            ],
            [
              70.632308,
              25.701378
            ],
            [
              70.653857,
              25.674455
            ],
            [
              70.657475,
              25.63363
            ],
            [
              70.652824,
              25.545884
            ],
            [
              70.646623,
              25.431369
            ],
            [
              70.654478,
              25.39659
            ],
            [
              70.670394,
              25.375558
            ],
            [
              70.710495,
              25.335871
            ],
            [
              70.718556,
              25.310808
            ],
            [
              70.723104,
              25.287295
            ],
            [
              70.734886,
              25.267348
            ],
            [
              70.768372,
              25.233086
            ],
            [
              70.831418,
              25.183322
            ],
            [
              70.848574,
              25.163323
            ],
            [
              70.859891,
              25.139449
            ],
            [
              70.893326,
              25.001886
            ],
            [
              70.915237,
              24.946618
            ],
            [
              70.943039,
              24.894063
            ],
            [
              71.00319,
              24.808203
            ],
            [
              71.036935,
              24.72074
            ],
            [
              71.056632,
              24.69282
            ],
            [
              71.063858,
              24.682577
            ],
            [
              71.043343,
              24.669064
            ],
            [
              70.977145,
              24.639686
            ],
            [
              70.962779,
              24.615785
            ],
            [
              70.954821,
              24.584521
            ],
            [
              70.957767,
              24.556022
            ],
            [
              70.977145,
              24.54039
            ],
            [
              70.980866,
              24.534731
            ],
            [
              70.981899,
              24.52853
            ],
            [
              70.980504,
              24.521889
            ],
            [
              70.977145,
              24.515068
            ],
            [
              70.974768,
              24.494966
            ],
            [
              70.973218,
              24.48724
            ],
            [
              70.973114,
              24.479644
            ],
            [
              70.974355,
              24.472202
            ],
            [
              70.977145,
              24.464942
            ],
            [
              71.00009,
              24.452901
            ],
            [
              71.040087,
              24.446778
            ],
            [
              71.07502,
              24.436417
            ],
            [
              71.082772,
              24.411508
            ],
            [
              71.073057,
              24.402103
            ],
            [
              71.025101,
              24.38629
            ],
            [
              71.014352,
              24.375206
            ],
            [
              71.007118,
              24.363966
            ],
            [
              70.996679,
              24.356602
            ]
          ],
          [
            [
              70.360129,
              25.673473
            ],
            [
              70.477227,
              25.676315
            ],
            [
              70.516657,
              25.68386
            ],
            [
              70.554432,
              25.698794
            ],
            [
              70.592259,
              25.708819
            ]
          ],
          [
            [
              70.755453,
              24.231442
            ],
            [
              70.621508,
              24.241157
            ],
            [
              70.584714,
              24.2579
            ],
            [
              70.567661,
              24.272809
            ],
            [
              70.56022,
              24.287253
            ],
            [
              70.555362,
              24.327018
            ],
            [
              70.545647,
              24.362183
            ],
            [
              70.546474,
              24.373139
            ],
            [
              70.551952,
              24.379366
            ],
            [
              70.569211,
              24.389882
            ],
            [
              70.575206,
              24.400036
            ],
            [
              70.562907,
              24.424092
            ],
            [
              70.520946,
              24.424919
            ]
          ],
          [
            [
              70.520946,
              24.424919
            ],
            [
              70.416353,
              24.401948
            ],
            [
              70.370774,
              24.372364
            ],
            [
              70.353204,
              24.366266
            ],
            [
              70.29853,
              24.363424
            ],
            [
              70.2791,
              24.355078
            ],
            [
              70.242565,
              24.330609
            ],
            [
              70.222773,
              24.326707
            ],
            [
              70.202205,
              24.325571
            ],
            [
              70.144586,
              24.307897
            ],
            [
              70.109705,
              24.3049
            ],
            [
              70.097871,
              24.298828
            ],
            [
              70.087174,
              24.28255
            ],
            [
              70.062989,
              24.220306
            ],
            [
              70.052137,
              24.202064
            ],
            [
              70.015964,
              24.174055
            ],
            [
              69.972039,
              24.165219
            ],
            [
              69.769054,
              24.162557
            ]
          ],
          [
            [
              70.996679,
              24.356602
            ],
            [
              70.977145,
              24.357248
            ],
            [
              70.955338,
              24.365904
            ],
            [
              70.936321,
              24.367196
            ]
          ],
          [
            [
              70.936321,
              24.367196
            ],
            [
              70.917717,
              24.361718
            ],
            [
              70.856532,
              24.323814
            ],
            [
              70.840926,
              24.30583
            ],
            [
              70.844543,
              24.288286
            ],
            [
              70.857566,
              24.271672
            ],
            [
              70.851468,
              24.264877
            ],
            [
              70.834105,
              24.261285
            ],
            [
              70.813589,
              24.254464
            ],
            [
              70.776021,
              24.236687
            ],
            [
              70.755453,
              24.231442
            ]
          ],
          [
            [
              68.838774,
              24.236455
            ],
            [
              68.819654,
              24.250304
            ],
            [
              68.813815,
              24.30844
            ],
            [
              68.79919,
              24.329085
            ],
            [
              68.747307,
              24.331177
            ]
          ],
          [
            [
              68.747307,
              24.331177
            ],
            [
              68.725913,
              24.289216
            ],
            [
              68.725551,
              24.208911
            ],
            [
              68.725086,
              24.10406
            ],
            [
              68.724466,
              23.965179
            ]
          ],
          [
            [
              68.980781,
              24.255394
            ],
            [
              68.962643,
              24.257228
            ],
            [
              68.94869,
              24.270277
            ],
            [
              68.929415,
              24.302368
            ],
            [
              68.921974,
              24.310507
            ],
            [
              68.913189,
              24.317251
            ],
            [
              68.904197,
              24.320584
            ]
          ],
          [
            [
              68.904197,
              24.320584
            ],
            [
              68.890296,
              24.319473
            ],
            [
              68.885077,
              24.313556
            ],
            [
              68.883268,
              24.305365
            ],
            [
              68.880116,
              24.297355
            ],
            [
              68.848903,
              24.244025
            ],
            [
              68.838774,
              24.236455
            ]
          ],
          [
            [
              69.166713,
              24.253172
            ],
            [
              69.148213,
              24.25666
            ],
            [
              69.091886,
              24.281904
            ],
            [
              69.067701,
              24.288441
            ]
          ],
          [
            [
              69.067701,
              24.288441
            ],
            [
              69.048477,
              24.285237
            ],
            [
              69.007808,
              24.264567
            ],
            [
              68.980781,
              24.255394
            ]
          ],
          [
            [
              69.769054,
              24.162557
            ],
            [
              69.714587,
              24.168578
            ],
            [
              69.670558,
              24.188706
            ],
            [
              69.59232,
              24.264618
            ],
            [
              69.563071,
              24.276762
            ],
            [
              69.280815,
              24.283739
            ]
          ],
          [
            [
              69.280815,
              24.283739
            ],
            [
              69.206246,
              24.258572
            ],
            [
              69.166713,
              24.253172
            ]
          ],
          [
            [
              68.353636,
              23.939289
            ],
            [
              68.353843,
              23.94717
            ],
            [
              68.352396,
              23.956549
            ],
            [
              68.348882,
              23.964611
            ],
            [
              68.342629,
              23.968564
            ]
          ],
          [
            [
              68.342629,
              23.968564
            ],
            [
              68.330433,
              23.966574
            ],
            [
              68.329865,
              23.958151
            ],
            [
              68.333689,
              23.948048
            ],
            [
              68.335033,
              23.940995
            ],
            [
              68.325989,
              23.927791
            ],
            [
              68.314052,
              23.915906
            ],
            [
              68.300409,
              23.910505
            ]
          ],
          [
            [
              68.724466,
              23.965179
            ],
            [
              68.646435,
              23.965696
            ],
            [
              68.547836,
              23.966316
            ],
            [
              68.431564,
              23.967143
            ]
          ],
          [
            [
              68.431564,
              23.967143
            ],
            [
              68.385469,
              23.960425
            ],
            [
              68.353636,
              23.939289
            ]
          ],
          [
            [
              68.300409,
              23.910505
            ],
            [
              68.286198,
              23.916371
            ],
            [
              68.280049,
              23.925724
            ],
            [
              68.277672,
              23.933501
            ],
            [
              68.274003,
              23.937687
            ]
          ],
          [
            [
              68.274003,
              23.937687
            ],
            [
              68.263926,
              23.93593
            ],
            [
              68.254934,
              23.929109
            ],
            [
              68.25266,
              23.920091
            ],
            [
              68.253074,
              23.911229
            ],
            [
              68.251937,
              23.904821
            ],
            [
              68.253746,
              23.90278
            ],
            [
              68.257931,
              23.899473
            ],
            [
              68.26036,
              23.895545
            ],
            [
              68.256794,
              23.891928
            ],
            [
              68.252867,
              23.891695
            ]
          ],
          [
            [
              68.252867,
              23.891695
            ],
            [
              68.243049,
              23.893426
            ]
          ],
          [
            [
              68.243049,
              23.893426
            ],
            [
              68.239948,
              23.893116
            ],
            [
              68.23292,
              23.889111
            ],
            [
              68.21504,
              23.881748
            ],
            [
              68.207288,
              23.877019
            ],
            [
              68.183517,
              23.8433
            ],
            [
              68.183038,
              23.842158
            ]
          ]
        ]
      },
      "properties": {
        "name": "India–Pakistan border",
        "name:en": "India–Pakistan border",
        "disputed": false,
        "admin_level": 2
      }
    },
    {
      "type": "Feature",
      "geometry": {
        "type": "MultiLineString",
        "coordinates": [
          [
            [
              68.183038,
              23.842158
            ],
            [
              68.170702,
              23.812785
            ],
            [
              68.157576,
              23.777387
            ],
            [
              68.154837,
              23.753719
            ],
            [
              68.169875,
              23.703645
            ],
            [
              68.166412,
              23.683465
            ],
            [
              68.147034,
              23.661864
            ],
            [
              68.112669,
              23.64339
            ]
          ]
        ]
      },
      "properties": {
        "name": "India–Pakistan border (Rann of Kutch)",
        "name:en": "India–Pakistan border (Rann of Kutch)",
        "disputed": false,
        "admin_level": 2
      }
    },
    {
      "type": "Feature",
      "geometry": {
        "type": "MultiLineString",
        "coordinates": [
          [
            [
              74.671752,
              32.840581
            ],
            [
              74.685291,
              32.831227
            ],
            [
              74.689115,
              32.808825
            ],
            [
              74.682294,
              32.787328
            ],
            [
              74.656972,
              32.745341
            ],
            [
              74.649738,
              32.723146
            ],
            [
              74.650151,
              32.701235
            ],
            [
              74.657282,
              32.660592
            ],
            [
              74.656042,
              32.64067
            ],
            [
              74.647981,
              32.623617
            ],
            [
              74.636922,
              32.606254
            ],
            [
              74.629584,
              32.588089
            ],
            [
              74.632581,
              32.568168
            ],
            [
              74.662553,
              32.498379
            ],
            [
              74.689322,
              32.471352
            ],
            [
              74.724978,
              32.46081
            ]
          ],
          [
            [
              74.52096,
              32.745289
            ],
            [
              74.573773,
              32.75255
            ],
            [
              74.59341,
              32.757872
            ],
            [
              74.614081,
              32.770404
            ],
            [
              74.622039,
              32.785416
            ],
            [
              74.626276,
              32.80265
            ],
            [
              74.635888,
              32.82208
            ],
            [
              74.653562,
              32.837428
            ],
            [
              74.671752,
              32.840581
            ]
          ],
          [
            [
              74.306503,
              32.809911
            ],
            [
              74.316321,
              32.791075
            ],
            [
              74.329344,
              32.776424
            ],
            [
              74.34619,
              32.76689
            ],
            [
              74.367688,
              32.763531
            ]
          ],
          [
            [
              74.438691,
              32.785984
            ],
            [
              74.455331,
              32.778595
            ],
            [
              74.484476,
              32.753532
            ],
            [
              74.500909,
              32.746013
            ],
            [
              74.52096,
              32.745289
            ]
          ],
          [
            [
              74.367688,
              32.763531
            ],
            [
              74.386394,
              32.767768
            ],
            [
              74.418951,
              32.784615
            ],
            [
              74.438691,
              32.785984
            ]
          ],
          [
            [
              74.83815,
              32.474866
            ],
            [
              74.906983,
              32.445178
            ]
          ],
          [
            [
              74.724978,
              32.46081
            ],
            [
              74.763529,
              32.462671
            ],
            [
              74.799393,
              32.47267
            ],
            [
              74.83815,
              32.474866
            ]
          ],
          [
            [
              75.023668,
              32.466262
            ],
            [
              75.054881,
              32.455539
            ],
            [
              75.092191,
              32.429339
            ],
            [
              75.125988,
              32.411744
            ],
            [
              75.196164,
              32.3973
            ],
            [
              75.230167,
              32.380195
            ],
            [
              75.298403,
              32.332427
            ]
          ],
          [
            [
              74.906983,
              32.445178
            ],
            [
              74.948427,
              32.44877
            ],
            [
              74.990699,
              32.463368
            ],
            [
              75.023668,
              32.466262
            ]
          ]
        ]
      },
      "properties": {
        "name": "India–Pakistan border (Punjab)",
        "name:en": "India–Pakistan border (Punjab)",
        "disputed": false,
        "admin_level": 2
      }
    },
    {
      "type": "Feature",
      "geometry": {
        "type": "MultiLineString",
        "coordinates": [
          [
            [
              88.594003,
              28.106606
            ],
            [
              88.610488,
              28.105831
            ],
            [
              88.631675,
              28.083352
            ],
            [
              88.652035,
              28.069399
            ],
            [
              88.71012,
              28.061983
            ],
            [
              88.735648,
              28.055265
            ],
            [
              88.780141,
              28.028342
            ],
            [
              88.802931,
              28.011005
            ],
            [
              88.817503,
              27.994881
            ]
          ],
          [
            [
              88.50207,
              28.028885
            ],
            [
              88.51716,
              28.039582
            ],
            [
              88.530802,
              28.059012
            ],
            [
              88.552817,
              28.078055
            ],
            [
              88.594003,
              28.106606
            ]
          ],
          [
            [
              88.475405,
              28.036248
            ],
            [
              88.50207,
              28.028885
            ]
          ],
          [
            [
              88.16297,
              27.9469
            ],
            [
              88.174855,
              27.949768
            ],
            [
              88.197851,
              27.958295
            ],
            [
              88.37877,
              27.982634
            ],
            [
              88.399751,
              27.994726
            ],
            [
              88.399854,
              27.994726
            ],
            [
              88.399906,
              27.994726
            ],
            [
              88.399906,
              27.994881
            ],
            [
              88.455768,
              28.03152
            ],
            [
              88.475405,
              28.036248
            ]
          ],
          [
            [
              88.81771,
              27.994881
            ],
            [
              88.81771,
              27.994726
            ],
            [
              88.819674,
              27.977337
            ],
            [
              88.809752,
              27.944497
            ],
            [
              88.810682,
              27.927857
            ],
            [
              88.818899,
              27.915196
            ],
            [
              88.842773,
              27.892407
            ],
            [
              88.851558,
              27.877163
            ],
            [
              88.855072,
              27.859179
            ],
            [
              88.853884,
              27.843676
            ],
            [
              88.805669,
              27.655109
            ],
            [
              88.783087,
              27.622036
            ],
            [
              88.767377,
              27.586198
            ],
            [
              88.748154,
              27.560128
            ],
            [
              88.741022,
              27.54571
            ],
            [
              88.741642,
              27.53168
            ],
            [
              88.757559,
              27.511448
            ],
            [
              88.757197,
              27.494964
            ],
            [
              88.754355,
              27.464216
            ],
            [
              88.759781,
              27.435071
            ],
            [
              88.773578,
              27.408509
            ],
            [
              88.795386,
              27.385926
            ],
            [
              88.808202,
              27.378382
            ],
            [
              88.819829,
              27.373627
            ],
            [
              88.830836,
              27.367323
            ],
            [
              88.852023,
              27.342363
            ],
            [
              88.864632,
              27.33239
            ],
            [
              88.892331,
              27.315543
            ]
          ],
          [
            [
              88.817503,
              27.994881
            ],
            [
              88.81771,
              27.994881
            ]
          ],
          [
            [
              88.126693,
              27.95044
            ],
            [
              88.151187,
              27.94721
            ],
            [
              88.16297,
              27.9469
            ]
          ],
          [
            [
              88.118218,
              27.860885
            ],
            [
              88.104885,
              27.879721
            ],
            [
              88.097496,
              27.904008
            ],
            [
              88.099924,
              27.928322
            ],
            [
              88.115737,
              27.947262
            ],
            [
              88.126693,
              27.95044
            ]
          ]
        ]
      },
      "properties": {
        "name": "India–China border (Sikkim)",
        "name:en": "India–China border (Sikkim)",
        "disputed": false,
        "admin_level": 2
      }
    },
    {
      "type": "Feature",
      "geometry": {
        "type": "MultiLineString",
        "coordinates": [
          [
            [
              80.21622,
              30.566818
            ],
            [
              80.252806,
              30.565009
            ],
            [
              80.325877,
              30.546509
            ],
            [
              80.424992,
              30.497829
            ],
            [
              80.475429,
              30.480466
            ],
            [
              80.508295,
              30.462328
            ],
            [
              80.525141,
              30.458607
            ]
          ],
          [
            [
              80.179839,
              30.559479
            ],
            [
              80.21622,
              30.566818
            ]
          ],
          [
            [
              80.575267,
              30.466255
            ],
            [
              80.596351,
              30.459796
            ],
            [
              80.694743,
              30.411737
            ],
            [
              80.723062,
              30.392048
            ],
            [
              80.735361,
              30.378199
            ],
            [
              80.754998,
              30.345797
            ],
            [
              80.767194,
              30.331431
            ],
            [
              80.781663,
              30.320993
            ],
            [
              80.866981,
              30.288488
            ],
            [
              80.943772,
              30.270143
            ],
            [
              80.976018,
              30.255209
            ],
            [
              80.996275,
              30.22689
            ],
            [
              81.003303,
              30.212731
            ],
            [
              80.996017,
              30.196969
            ]
          ],
          [
            [
              80.525141,
              30.458607
            ],
            [
              80.545088,
              30.461036
            ],
            [
              80.559971,
              30.465118
            ],
            [
              80.575267,
              30.466255
            ]
          ]
        ]
      },
      "properties": {
        "name": "India–China border (Kalapani/Lipulekh)",
        "name:en": "India–China border (Kalapani/Lipulekh)",
        "disputed": false,
        "admin_level": 2
      }
    },
    {
      "type": "Feature",
      "geometry": {
        "type": "MultiLineString",
        "coordinates": [
          [
            [
              78.917694,
              33.386258
            ],
            [
              78.964986,
              33.344254
            ],
            [
              78.993449,
              33.330782
            ],
            [
              79.023041,
              33.31798
            ],
            [
              79.053278,
              33.307873
            ],
            [
              79.075048,
              33.295743
            ],
            [
              79.098028,
              33.287655
            ],
            [
              79.125038,
              33.290203
            ]
          ]
        ]
      },
      "properties": {
        "name": "India–China border (Ladakh east)",
        "name:en": "India–China border (Ladakh east)",
        "disputed": false,
        "admin_level": 2
      }
    },
    {
      "type": "Feature",
      "geometry": {
        "type": "MultiLineString",
        "coordinates": [
          [
            [
              78.943429,
              32.346373
            ],
            [
              78.911286,
              32.354745
            ],
            [
              78.881521,
              32.376268
            ],
            [
              78.855682,
              32.400452
            ],
            [
              78.77145,
              32.461663
            ],
            [
              78.754707,
              32.493806
            ],
            [
              78.73693,
              32.545792
            ],
            [
              78.734966,
              32.560649
            ],
            [
              78.740651,
              32.578684
            ],
            [
              78.749126,
              32.595867
            ],
            [
              78.750986,
              32.612791
            ],
            [
              78.736827,
              32.629844
            ],
            [
              78.713262,
              32.637518
            ]
          ],
          [
            [
              78.713262,
              32.637518
            ],
            [
              78.694452,
              32.629663
            ],
            [
              78.664893,
              32.599019
            ],
            [
              78.647736,
              32.585971
            ],
            [
              78.630166,
              32.578013
            ],
            [
              78.589859,
              32.569925
            ],
            [
              78.447542,
              32.566256
            ],
            [
              78.408165,
              32.558376
            ],
            [
              78.384807,
              32.547549
            ],
            [
              78.380983,
              32.528041
            ],
            [
              78.409198,
              32.476623
            ],
            [
              78.448782,
              32.426782
            ],
            [
              78.452193,
              32.416782
            ],
            [
              78.448162,
              32.410658
            ],
            [
              78.441444,
              32.404948
            ],
            [
              78.43638,
              32.396163
            ],
            [
              78.434519,
              32.383761
            ],
            [
              78.435966,
              32.377973
            ],
            [
              78.43886,
              32.373296
            ],
            [
              78.462735,
              32.281803
            ],
            [
              78.461391,
              32.260151
            ],
            [
              78.456327,
              32.242116
            ],
            [
              78.457981,
              32.229662
            ],
            [
              78.468541,
              32.226668
            ],
            [
              78.469017,
              32.226533
            ]
          ],
          [
            [
              79.215247,
              32.507914
            ],
            [
              79.191166,
              32.50427
            ],
            [
              79.1614,
              32.496467
            ],
            [
              79.132875,
              32.48546
            ],
            [
              79.112928,
              32.472386
            ],
            [
              79.102902,
              32.449855
            ],
            [
              79.09174,
              32.390556
            ],
            [
              79.075307,
              32.37079
            ],
            [
              79.066316,
              32.370067
            ]
          ],
          [
            [
              79.066316,
              32.370067
            ],
            [
              79.039651,
              32.375984
            ],
            [
              79.028178,
              32.377095
            ]
          ],
          [
            [
              79.028178,
              32.377095
            ],
            [
              79.014742,
              32.373994
            ],
            [
              78.989834,
              32.364098
            ],
            [
              78.976192,
              32.361618
            ],
            [
              78.943429,
              32.346373
            ]
          ]
        ]
      },
      "properties": {
        "name": "India–China border (Uttarakhand)",
        "name:en": "India–China border (Uttarakhand)",
        "disputed": false,
        "admin_level": 2
      }
    },
    {
      "type": "Feature",
      "geometry": {
        "type": "MultiLineString",
        "coordinates": [
          [
            [
              78.714192,
              31.883016
            ],
            [
              78.706648,
              31.840797
            ],
            [
              78.700343,
              31.821676
            ],
            [
              78.674091,
              31.78695
            ],
            [
              78.670887,
              31.770517
            ],
            [
              78.695589,
              31.746694
            ],
            [
              78.695175,
              31.737961
            ],
            [
              78.692592,
              31.7284
            ],
            [
              78.693212,
              31.71853
            ],
            [
              78.698069,
              31.711037
            ],
            [
              78.710472,
              31.69817
            ],
            [
              78.71843,
              31.6806
            ],
            [
              78.724011,
              31.673313
            ],
            [
              78.731349,
              31.668042
            ],
            [
              78.739824,
              31.666027
            ]
          ],
          [
            [
              78.758117,
              31.666595
            ],
            [
              78.795324,
              31.633781
            ],
            [
              78.818889,
              31.607374
            ],
            [
              78.814031,
              31.595023
            ],
            [
              78.796978,
              31.578849
            ],
            [
              78.699516,
              31.510016
            ],
            [
              78.695382,
              31.488105
            ],
            [
              78.733003,
              31.467744
            ],
            [
              78.762561,
              31.44511
            ],
            [
              78.760081,
              31.412037
            ],
            [
              78.745508,
              31.373538
            ],
            [
              78.73848,
              31.334988
            ],
            [
              78.740857,
              31.317728
            ],
            [
              78.745095,
              31.308116
            ],
            [
              78.753156,
              31.301966
            ],
            [
              78.784472,
              31.288272
            ],
            [
              78.796048,
              31.288117
            ]
          ],
          [
            [
              78.739824,
              31.666027
            ],
            [
              78.758117,
              31.666595
            ]
          ],
          [
            [
              78.821989,
              31.293698
            ],
            [
              78.848654,
              31.290908
            ]
          ],
          [
            [
              78.796048,
              31.288117
            ],
            [
              78.821989,
              31.293698
            ]
          ]
        ]
      },
      "properties": {
        "name": "India–China border (HP)",
        "name:en": "India–China border (HP)",
        "disputed": false,
        "admin_level": 2
      }
    },
    {
      "type": "Feature",
      "geometry": {
        "type": "MultiLineString",
        "coordinates": [
          [
            [
              79.388363,
              31.069474
            ],
            [
              79.394978,
              31.036711
            ],
            [
              79.401592,
              31.023637
            ],
            [
              79.414408,
              31.020382
            ]
          ],
          [
            [
              79.446344,
              31.023792
            ],
            [
              79.46164,
              31.021105
            ],
            [
              79.47642,
              31.014025
            ],
            [
              79.480761,
              31.010046
            ],
            [
              79.484275,
              31.005447
            ],
            [
              79.486858,
              31.000228
            ],
            [
              79.488202,
              30.994492
            ],
            [
              79.497607,
              30.981211
            ],
            [
              79.512697,
              30.966173
            ],
            [
              79.529646,
              30.953564
            ],
            [
              79.544219,
              30.947414
            ],
            [
              79.565923,
              30.942454
            ],
            [
              79.577809,
              30.938371
            ]
          ],
          [
            [
              79.414408,
              31.020382
            ],
            [
              79.430738,
              31.023172
            ],
            [
              79.446344,
              31.023792
            ]
          ],
          [
            [
              79.739039,
              30.979247
            ],
            [
              79.76064,
              30.977232
            ],
            [
              79.833504,
              30.961522
            ],
            [
              79.85035,
              30.954494
            ],
            [
              79.862856,
              30.941523
            ],
            [
              79.880426,
              30.912843
            ],
            [
              79.903164,
              30.890209
            ],
            [
              79.914635,
              30.883819
            ]
          ],
          [
            [
              79.577809,
              30.938371
            ],
            [
              79.589488,
              30.940231
            ],
            [
              79.630312,
              30.962504
            ],
            [
              79.648192,
              30.96576
            ],
            [
              79.6885,
              30.967413
            ],
            [
              79.739039,
              30.979247
            ]
          ]
        ]
      },
      "properties": {
        "name": "India–China border (HP west)",
        "name:en": "India–China border (HP west)",
        "disputed": false,
        "admin_level": 2
      }
    },
    {
      "type": "Feature",
      "geometry": {
        "type": "MultiLineString",
        "coordinates": [
          [
            [
              79.125038,
              33.290203
            ],
            [
              79.150213,
              33.292555
            ],
            [
              79.260061,
              33.291776
            ],
            [
              79.340307,
              33.275132
            ],
            [
              79.420084,
              33.275169
            ],
            [
              79.456096,
              33.250399
            ],
            [
              79.423475,
              33.157825
            ],
            [
              79.37317,
              33.11214
            ],
            [
              79.381063,
              33.061768
            ],
            [
              79.399273,
              33.026878
            ],
            [
              79.339787,
              33.013257
            ],
            [
              79.333586,
              32.994292
            ],
            [
              79.378462,
              32.978881
            ],
            [
              79.414089,
              32.972053
            ],
            [
              79.471089,
              32.908959
            ],
            [
              79.564093,
              32.793928
            ],
            [
              79.613913,
              32.765035
            ],
            [
              79.620673,
              32.728725
            ],
            [
              79.57617,
              32.670646
            ],
            [
              79.531201,
              32.648317
            ],
            [
              79.515741,
              32.60812
            ],
            [
              79.472113,
              32.565472
            ],
            [
              79.443497,
              32.534773
            ],
            [
              79.40682,
              32.529683
            ],
            [
              79.379477,
              32.57645
            ],
            [
              79.320466,
              32.592267
            ],
            [
              79.287412,
              32.532579
            ],
            [
              79.235608,
              32.504296
            ],
            [
              79.215247,
              32.507914
            ]
          ]
        ]
      },
      "properties": {
        "name": "India–China border (Ladakh/Aksai south)",
        "name:en": "India–China border (Ladakh/Aksai south)",
        "disputed": false,
        "admin_level": 2
      }
    },
    {
      "type": "Feature",
      "geometry": {
        "type": "MultiLineString",
        "coordinates": [
          [
            [
              78.469017,
              32.226533
            ],
            [
              78.476481,
              32.224417
            ],
            [
              78.513068,
              32.20757
            ],
            [
              78.534978,
              32.181344
            ],
            [
              78.551825,
              32.15039
            ],
            [
              78.649287,
              32.036444
            ],
            [
              78.678329,
              32.016755
            ],
            [
              78.722151,
              31.994586
            ],
            [
              78.733829,
              31.984664
            ],
            [
              78.744578,
              31.9642
            ],
            [
              78.741994,
              31.945338
            ],
            [
              78.720187,
              31.902912
            ],
            [
              78.714192,
              31.883016
            ]
          ]
        ]
      },
      "properties": {
        "name": "India–China border (HP north)",
        "name:en": "India–China border (HP north)",
        "disputed": false,
        "admin_level": 2
      }
    },
    {
      "type": "Feature",
      "geometry": {
        "type": "MultiLineString",
        "coordinates": [
          [
            [
              78.848654,
              31.290908
            ],
            [
              78.861987,
              31.291476
            ],
            [
              78.886972,
              31.284171
            ],
            [
              78.921008,
              31.269685
            ],
            [
              78.940282,
              31.301576
            ],
            [
              78.959552,
              31.325117
            ],
            [
              78.988801,
              31.343256
            ],
            [
              79.015529,
              31.383397
            ],
            [
              79.049937,
              31.422953
            ],
            [
              79.07021,
              31.461381
            ],
            [
              79.07799,
              31.461664
            ],
            [
              79.131397,
              31.438433
            ],
            [
              79.157693,
              31.414926
            ],
            [
              79.179218,
              31.393796
            ],
            [
              79.192442,
              31.369789
            ],
            [
              79.207628,
              31.351373
            ],
            [
              79.238319,
              31.329656
            ],
            [
              79.239239,
              31.311724
            ],
            [
              79.25411,
              31.299006
            ],
            [
              79.262024,
              31.278513
            ],
            [
              79.24843,
              31.256704
            ],
            [
              79.25286,
              31.245437
            ],
            [
              79.278316,
              31.240044
            ],
            [
              79.288321,
              31.225474
            ],
            [
              79.298078,
              31.203242
            ],
            [
              79.303209,
              31.183104
            ],
            [
              79.302162,
              31.16345
            ],
            [
              79.319417,
              31.14228
            ],
            [
              79.367048,
              31.111559
            ],
            [
              79.372343,
              31.094072
            ],
            [
              79.382593,
              31.078335
            ],
            [
              79.388363,
              31.069474
            ]
          ]
        ]
      },
      "properties": {
        "name": "India–China border (HP east)",
        "name:en": "India–China border (HP east)",
        "disputed": false,
        "admin_level": 2
      }
    },
    {
      "type": "Feature",
      "geometry": {
        "type": "MultiLineString",
        "coordinates": [
          [
            [
              79.914635,
              30.883819
            ],
            [
              79.91937,
              30.881182
            ],
            [
              79.934893,
              30.872535
            ],
            [
              80.005586,
              30.847266
            ],
            [
              80.028634,
              30.830781
            ],
            [
              80.044447,
              30.8067
            ],
            [
              80.062534,
              30.784789
            ],
            [
              80.092196,
              30.774505
            ]
          ],
          [
            [
              80.140669,
              30.793212
            ],
            [
              80.157102,
              30.79316
            ],
            [
              80.169297,
              30.785254
            ],
            [
              80.196066,
              30.748098
            ],
            [
              80.224591,
              30.734094
            ],
            [
              80.231412,
              30.724947
            ],
            [
              80.207021,
              30.686138
            ],
            [
              80.19989,
              30.680712
            ],
            [
              80.191725,
              30.679679
            ]
          ],
          [
            [
              80.092196,
              30.774505
            ],
            [
              80.109249,
              30.778122
            ],
            [
              80.140669,
              30.793212
            ]
          ],
          [
            [
              80.191725,
              30.679679
            ],
            [
              80.18201,
              30.680041
            ]
          ],
          [
            [
              80.18201,
              30.680041
            ],
            [
              80.172915,
              30.679162
            ],
            [
              80.16661,
              30.674408
            ],
            [
              80.16692,
              30.661902
            ],
            [
              80.177255,
              30.649862
            ],
            [
              80.190588,
              30.637976
            ],
            [
              80.19989,
              30.625884
            ],
            [
              80.2033,
              30.60635
            ],
            [
              80.197823,
              30.591364
            ],
            [
              80.188418,
              30.576998
            ],
            [
              80.179839,
              30.559479
            ]
          ]
        ]
      },
      "properties": {
        "name": "India–China border (Uttarakhand west)",
        "name:en": "India–China border (Uttarakhand west)",
        "disputed": false,
        "admin_level": 2
      }
    },
    {
      "type": "Feature",
      "geometry": {
        "type": "MultiLineString",
        "coordinates": [
          [
            [
              73.518576,
              34.008316
            ],
            [
              73.518644,
              34.00777
            ],
            [
              73.579829,
              33.910464
            ],
            [
              73.582516,
              33.876745
            ],
            [
              73.56722,
              33.803442
            ],
            [
              73.576418,
              33.777138
            ],
            [
              73.58851,
              33.762333
            ],
            [
              73.595745,
              33.745616
            ],
            [
              73.599362,
              33.727477
            ],
            [
              73.600293,
              33.70859
            ],
            [
              73.595642,
              33.695386
            ],
            [
              73.577452,
              33.663244
            ],
            [
              73.576418,
              33.654019
            ],
            [
              73.578382,
              33.64756
            ],
            [
              73.573111,
              33.633659
            ],
            [
              73.576418,
              33.626372
            ],
            [
              73.603807,
              33.605934
            ],
            [
              73.614659,
              33.593119
            ],
            [
              73.625201,
              33.575471
            ],
            [
              73.632849,
              33.556842
            ],
            [
              73.635019,
              33.540796
            ],
            [
              73.630988,
              33.531184
            ],
            [
              73.624477,
              33.528213
            ],
            [
              73.618173,
              33.526172
            ],
            [
              73.614659,
              33.519661
            ],
            [
              73.614969,
              33.510126
            ],
            [
              73.622617,
              33.477157
            ],
            [
              73.625924,
              33.469664
            ],
            [
              73.628198,
              33.461705
            ],
            [
              73.627578,
              33.452068
            ],
            [
              73.62241,
              33.448605
            ],
            [
              73.620583,
              33.448246
            ],
            [
              73.613212,
              33.446797
            ],
            [
              73.612732,
              33.446518
            ],
            [
              73.60422,
              33.441577
            ],
            [
              73.594401,
              33.411734
            ],
            [
              73.582826,
              33.399875
            ],
            [
              73.573834,
              33.387395
            ],
            [
              73.576418,
              33.369541
            ],
            [
              73.586857,
              33.355562
            ],
            [
              73.598432,
              33.342875
            ],
            [
              73.603186,
              33.333031
            ],
            [
              73.600293,
              33.321817
            ],
            [
              73.597605,
              33.315022
            ],
            [
              73.593471,
              33.304299
            ],
            [
              73.594918,
              33.285721
            ],
            [
              73.599156,
              33.26642
            ],
            [
              73.600293,
              33.246706
            ],
            [
              73.596882,
              33.244251
            ],
            [
              73.589957,
              33.241254
            ],
            [
              73.588318,
              33.240746
            ],
            [
              73.583033,
              33.239109
            ]
          ],
          [
            [
              73.609491,
              33.232546
            ],
            [
              73.614659,
              33.232443
            ],
            [
              73.615382,
              33.229575
            ],
            [
              73.616002,
              33.22358
            ],
            [
              73.617656,
              33.216888
            ],
            [
              73.620756,
              33.212005
            ],
            [
              73.640807,
              33.20105
            ],
            [
              73.649282,
              33.194848
            ],
            [
              73.654863,
              33.184694
            ],
            [
              73.654553,
              33.173041
            ],
            [
              73.649799,
              33.161853
            ],
            [
              73.644424,
              33.154386
            ],
            [
              73.645354,
              33.143094
            ],
            [
              73.622513,
              33.124491
            ],
            [
              73.640497,
              33.103304
            ],
            [
              73.672743,
              33.084907
            ],
            [
              73.731964,
              33.06266
            ],
            [
              73.763487,
              33.045658
            ],
            [
              73.773202,
              33.030646
            ],
            [
              73.786018,
              33.024652
            ],
            [
              73.805861,
              33.015144
            ],
            [
              73.822398,
              33.013206
            ]
          ],
          [
            [
              73.822398,
              33.013206
            ],
            [
              73.829129,
              33.015386
            ],
            [
              73.829736,
              33.015583
            ],
            [
              73.84763,
              33.02371
            ],
            [
              73.849476,
              33.024549
            ],
            [
              73.859502,
              33.026977
            ],
            [
              73.873764,
              33.028734
            ],
            [
              73.907354,
              33.029949
            ]
          ],
          [
            [
              73.907354,
              33.029949
            ],
            [
              73.926061,
              33.02597
            ],
            [
              73.943011,
              33.018192
            ],
            [
              73.951072,
              33.011449
            ],
            [
              73.95624,
              33.006178
            ],
            [
              73.959444,
              33.001811
            ],
            [
              73.960064,
              33.000519
            ],
            [
              73.977014,
              32.975869
            ],
            [
              73.983008,
              32.969074
            ],
            [
              74.316989,
              32.823067
            ]
          ]
        ]
      },
      "properties": {
        "name": "Line of Control — J&K south",
        "name:en": "Line of Control — J&K south",
        "disputed": true,
        "admin_level": 2
      }
    },
    {
      "type": "Feature",
      "geometry": {
        "type": "MultiLineString",
        "coordinates": [
          [
            [
              74.124701,
              35.099201
            ],
            [
              74.099384,
              35.092743
            ],
            [
              74.088428,
              35.085043
            ],
            [
              74.081172,
              35.078349
            ],
            [
              74.08109,
              35.078273
            ],
            [
              74.076543,
              35.072021
            ],
            [
              74.067551,
              35.055381
            ],
            [
              74.066001,
              35.049696
            ],
            [
              74.066207,
              35.045511
            ],
            [
              74.067551,
              35.042255
            ],
            [
              74.069079,
              35.039924
            ],
            [
              74.069618,
              35.039103
            ],
            [
              74.070788,
              35.03803
            ],
            [
              74.072719,
              35.03626
            ],
            [
              74.074926,
              35.03495
            ],
            [
              74.076026,
              35.034297
            ],
            [
              74.088118,
              35.029646
            ],
            [
              74.088146,
              35.029628
            ],
            [
              74.092666,
              35.0267
            ],
            [
              74.09773,
              35.021429
            ],
            [
              74.101347,
              35.013936
            ],
            [
              74.100413,
              35.010059
            ],
            [
              74.100314,
              35.009647
            ],
            [
              74.097536,
              35.006612
            ],
            [
              74.097523,
              35.006598
            ],
            [
              74.09192,
              35.003393
            ],
            [
              74.085518,
              34.999731
            ],
            [
              74.085328,
              34.999622
            ],
            [
              74.075612,
              34.991095
            ],
            [
              74.066931,
              34.981794
            ],
            [
              74.06445,
              34.9743
            ],
            [
              74.063003,
              34.965464
            ],
            [
              74.064037,
              34.950168
            ],
            [
              74.061453,
              34.941693
            ],
            [
              74.056802,
              34.932908
            ],
            [
              74.054237,
              34.930843
            ],
            [
              74.052565,
              34.929497
            ],
            [
              74.041731,
              34.922865
            ],
            [
              74.041506,
              34.922727
            ],
            [
              74.036658,
              34.917299
            ],
            [
              74.034307,
              34.914666
            ],
            [
              74.034168,
              34.914511
            ],
            [
              74.02993,
              34.905054
            ],
            [
              74.024255,
              34.888132
            ],
            [
              74.024246,
              34.888104
            ],
            [
              74.02248,
              34.886053
            ],
            [
              74.017955,
              34.880798
            ],
            [
              74.017838,
              34.880663
            ],
            [
              74.015709,
              34.878979
            ],
            [
              74.012362,
              34.876331
            ],
            [
              74.012154,
              34.876167
            ],
            [
              74.012143,
              34.876163
            ],
            [
              74.000505,
              34.872432
            ],
            [
              73.989106,
              34.868777
            ],
            [
              73.983858,
              34.867713
            ],
            [
              73.978151,
              34.866555
            ],
            [
              73.962234,
              34.865211
            ],
            [
              73.954618,
              34.862756
            ],
            [
              73.95438,
              34.862679
            ],
            [
              73.947662,
              34.85808
            ],
            [
              73.947421,
              34.85788
            ],
            [
              73.942499,
              34.853786
            ],
            [
              73.937278,
              34.849444
            ],
            [
              73.937223,
              34.849398
            ],
            [
              73.930092,
              34.839373
            ],
            [
              73.930018,
              34.839305
            ],
            [
              73.92872,
              34.838102
            ],
            [
              73.925262,
              34.8349
            ],
            [
              73.923787,
              34.833534
            ],
            [
              73.916242,
              34.828573
            ],
            [
              73.911016,
              34.826092
            ],
            [
              73.908112,
              34.824714
            ],
            [
              73.908077,
              34.824697
            ],
            [
              73.889871,
              34.812899
            ],
            [
              73.889577,
              34.812708
            ],
            [
              73.887435,
              34.811935
            ],
            [
              73.883996,
              34.810693
            ]
          ],
          [
            [
              73.883996,
              34.810693
            ],
            [
              73.883843,
              34.810705
            ],
            [
              73.841105,
              34.814103
            ]
          ],
          [
            [
              73.841105,
              34.814103
            ],
            [
              73.819504,
              34.810486
            ],
            [
              73.81568,
              34.809143
            ],
            [
              73.81564,
              34.809118
            ],
            [
              73.797443,
              34.798052
            ],
            [
              73.79656,
              34.797515
            ],
            [
              73.789118,
              34.794105
            ],
            [
              73.783744,
              34.792451
            ],
            [
              73.777233,
              34.791624
            ]
          ],
          [
            [
              73.777233,
              34.791624
            ],
            [
              73.758422,
              34.792503
            ]
          ],
          [
            [
              73.758422,
              34.792503
            ],
            [
              73.750568,
              34.789971
            ],
            [
              73.75042,
              34.789896
            ],
            [
              73.740232,
              34.784751
            ],
            [
              73.718838,
              34.771315
            ],
            [
              73.70871,
              34.763306
            ],
            [
              73.701313,
              34.755703
            ],
            [
              73.701268,
              34.755657
            ],
            [
              73.69424,
              34.744599
            ],
            [
              73.685559,
              34.723256
            ],
            [
              73.680804,
              34.715298
            ],
            [
              73.650832,
              34.676696
            ],
            [
              73.648972,
              34.672458
            ],
            [
              73.647938,
              34.667808
            ],
            [
              73.649179,
              34.663053
            ],
            [
              73.651246,
              34.659023
            ],
            [
              73.65786,
              34.649462
            ],
            [
              73.659721,
              34.643985
            ],
            [
              73.660341,
              34.638972
            ],
            [
              73.659514,
              34.633649
            ],
            [
              73.638947,
              34.585487
            ],
            [
              73.629231,
              34.569416
            ],
            [
              73.624931,
              34.565384
            ],
            [
              73.623444,
              34.56399
            ],
            [
              73.623285,
              34.56399
            ],
            [
              73.618483,
              34.56399
            ]
          ],
          [
            [
              73.618483,
              34.56399
            ],
            [
              73.618437,
              34.56404
            ],
            [
              73.616006,
              34.566769
            ],
            [
              73.613832,
              34.569209
            ],
            [
              73.610111,
              34.575617
            ],
            [
              73.607899,
              34.580745
            ],
            [
              73.607837,
              34.580888
            ],
            [
              73.607835,
              34.580892
            ],
            [
              73.606521,
              34.583027
            ],
            [
              73.605357,
              34.584919
            ],
            [
              73.605346,
              34.584924
            ],
            [
              73.600396,
              34.587296
            ],
            [
              73.593161,
              34.588329
            ],
            [
              73.591243,
              34.588339
            ],
            [
              73.583239,
              34.588381
            ]
          ],
          [
            [
              73.583239,
              34.588381
            ],
            [
              73.574558,
              34.587192
            ],
            [
              73.565773,
              34.584919
            ],
            [
              73.552826,
              34.579499
            ],
            [
              73.534043,
              34.571638
            ],
            [
              73.533067,
              34.57153
            ],
            [
              73.528876,
              34.571069
            ]
          ],
          [
            [
              73.528876,
              34.571069
            ],
            [
              73.526929,
              34.571118
            ],
            [
              73.524742,
              34.571173
            ],
            [
              73.503864,
              34.574583
            ],
            [
              73.498903,
              34.574997
            ]
          ],
          [
            [
              73.498903,
              34.574997
            ],
            [
              73.497532,
              34.574982
            ],
            [
              73.494149,
              34.574945
            ],
            [
              73.464074,
              34.570552
            ],
            [
              73.463568,
              34.570332
            ],
            [
              73.454462,
              34.566367
            ],
            [
              73.450121,
              34.562594
            ],
            [
              73.447124,
              34.558047
            ],
            [
              73.446193,
              34.553809
            ],
            [
              73.445677,
              34.549158
            ],
            [
              73.445573,
              34.540373
            ],
            [
              73.444953,
              34.536859
            ],
            [
              73.443196,
              34.533449
            ],
            [
              73.438132,
              34.525956
            ],
            [
              73.436685,
              34.522157
            ],
            [
              73.436065,
              34.517326
            ],
            [
              73.437822,
              34.491126
            ],
            [
              73.437512,
              34.487715
            ],
            [
              73.436582,
              34.48464
            ],
            [
              73.435341,
              34.481798
            ],
            [
              73.429037,
              34.472936
            ],
            [
              73.42775,
              34.470533
            ],
            [
              73.427487,
              34.470042
            ],
            [
              73.427484,
              34.470029
            ],
            [
              73.426763,
              34.466011
            ],
            [
              73.426866,
              34.435729
            ],
            [
              73.425936,
              34.43038
            ],
            [
              73.425923,
              34.43033
            ],
            [
              73.425374,
              34.428327
            ],
            [
              73.420252,
              34.409632
            ],
            [
              73.415084,
              34.397643
            ],
            [
              73.403831,
              34.38092
            ],
            [
              73.400201,
              34.375526
            ],
            [
              73.400217,
              34.37548
            ],
            [
              73.407126,
              34.355036
            ],
            [
              73.447227,
              34.305969
            ],
            [
              73.455495,
              34.292172
            ],
            [
              73.459526,
              34.282405
            ],
            [
              73.474099,
              34.269176
            ],
            [
              73.474138,
              34.269005
            ],
            [
              73.490429,
              34.198353
            ],
            [
              73.491359,
              34.181274
            ],
            [
              73.489571,
              34.149642
            ],
            [
              73.489395,
              34.146522
            ],
            [
              73.489787,
              34.14006
            ],
            [
              73.490429,
              34.129494
            ],
            [
              73.490811,
              34.128201
            ],
            [
              73.508515,
              34.068387
            ],
            [
              73.518437,
              34.009424
            ],
            [
              73.518557,
              34.008467
            ],
            [
              73.518576,
              34.008316
            ]
          ]
        ]
      },
      "properties": {
        "name": "Line of Control — J&K north",
        "name:en": "Line of Control — J&K north",
        "disputed": true,
        "admin_level": 2
      }
    },
    {
      "type": "Feature",
      "geometry": {
        "type": "MultiLineString",
        "coordinates": [
          [
            [
              73.695377,
              36.71037
            ],
            [
              73.684112,
              36.704892
            ],
            [
              73.678634,
              36.703962
            ],
            [
              73.673363,
              36.704531
            ],
            [
              73.661994,
              36.70913
            ],
            [
              73.654863,
              36.710577
            ],
            [
              73.628301,
              36.70975
            ],
            [
              73.622307,
              36.710163
            ],
            [
              73.617863,
              36.712179
            ],
            [
              73.617121,
              36.712762
            ],
            [
              73.613522,
              36.715589
            ],
            [
              73.607631,
              36.721687
            ],
            [
              73.599156,
              36.732643
            ],
            [
              73.595125,
              36.735485
            ],
            [
              73.594812,
              36.735459
            ],
            [
              73.590681,
              36.735123
            ],
            [
              73.576728,
              36.729232
            ],
            [
              73.571044,
              36.727733
            ],
            [
              73.565359,
              36.72794
            ],
            [
              73.557505,
              36.731247
            ],
            [
              73.553164,
              36.732333
            ],
            [
              73.541381,
              36.732798
            ],
            [
              73.519884,
              36.730731
            ],
            [
              73.513993,
              36.731351
            ],
            [
              73.453842,
              36.747215
            ],
            [
              73.429657,
              36.751091
            ],
            [
              73.416014,
              36.752073
            ],
            [
              73.314109,
              36.721119
            ],
            [
              73.296332,
              36.71745
            ],
            [
              73.287547,
              36.717243
            ],
            [
              73.270804,
              36.718483
            ],
            [
              73.243105,
              36.71652
            ],
            [
              73.217887,
              36.712386
            ],
            [
              73.213443,
              36.712902
            ],
            [
              73.208482,
              36.715228
            ],
            [
              73.207906,
              36.715693
            ],
            [
              73.192359,
              36.72825
            ],
            [
              73.182127,
              36.733883
            ],
            [
              73.182082,
              36.733891
            ],
            [
              73.176546,
              36.734865
            ],
            [
              73.171585,
              36.733004
            ],
            [
              73.142026,
              36.713988
            ],
            [
              73.130554,
              36.709388
            ],
            [
              73.097274,
              36.702825
            ],
            [
              73.078154,
              36.70081
            ],
            [
              73.0734,
              36.698536
            ],
            [
              73.071333,
              36.694971
            ],
            [
              73.071539,
              36.691095
            ],
            [
              73.072676,
              36.685876
            ],
            [
              73.0734,
              36.663603
            ],
            [
              73.077534,
              36.651149
            ],
            [
              73.093037,
              36.617714
            ],
            [
              73.095517,
              36.609498
            ],
            [
              73.095517,
              36.606604
            ],
            [
              73.094484,
              36.603297
            ],
            [
              73.085389,
              36.590067
            ],
            [
              73.072159,
              36.573634
            ],
            [
              73.069369,
              36.568673
            ],
            [
              73.066165,
              36.556116
            ],
            [
              73.063064,
              36.548985
            ],
            [
              73.055003,
              36.539631
            ],
            [
              73.048905,
              36.535135
            ],
            [
              73.042187,
              36.531156
            ],
            [
              72.989167,
              36.514465
            ],
            [
              72.982966,
              36.511261
            ],
            [
              72.979865,
              36.507799
            ],
            [
              72.979865,
              36.504285
            ],
            [
              72.981829,
              36.50015
            ],
            [
              72.98493,
              36.495603
            ],
            [
              72.988547,
              36.489092
            ],
            [
              72.989581,
              36.483769
            ],
            [
              72.98834,
              36.476173
            ],
            [
              72.98493,
              36.472762
            ],
            [
              72.980796,
              36.47085
            ],
            [
              72.955991,
              36.468111
            ],
            [
              72.926019,
              36.468369
            ],
            [
              72.906485,
              36.465631
            ],
            [
              72.895736,
              36.461548
            ],
            [
              72.889948,
              36.457104
            ],
            [
              72.888501,
              36.452505
            ],
            [
              72.885918,
              36.438914
            ],
            [
              72.886124,
              36.413954
            ],
            [
              72.887365,
              36.402327
            ],
            [
              72.886538,
              36.397056
            ],
            [
              72.883644,
              36.391992
            ],
            [
              72.876926,
              36.384292
            ],
            [
              72.869278,
              36.379693
            ],
            [
              72.838375,
              36.373957
            ],
            [
              72.83021,
              36.370391
            ],
            [
              72.821632,
              36.364603
            ],
            [
              72.784528,
              36.328791
            ],
            [
              72.77378,
              36.322694
            ],
            [
              72.767269,
              36.320006
            ],
            [
              72.752696,
              36.316544
            ],
            [
              72.73771,
              36.310963
            ],
            [
              72.718796,
              36.300111
            ],
            [
              72.713938,
              36.296184
            ],
            [
              72.692441,
              36.271069
            ],
            [
              72.686963,
              36.269157
            ],
            [
              72.680866,
              36.269312
            ],
            [
              72.654511,
              36.278097
            ],
            [
              72.642935,
              36.278975
            ],
            [
              72.633427,
              36.278562
            ],
            [
              72.621851,
              36.27665
            ],
            [
              72.607485,
              36.272722
            ],
            [
              72.594256,
              36.264248
            ],
            [
              72.585988,
              36.25784
            ],
            [
              72.578029,
              36.249881
            ],
            [
              72.572035,
              36.242698
            ],
            [
              72.568004,
              36.236756
            ],
            [
              72.564904,
              36.230141
            ],
            [
              72.553845,
              36.18911
            ],
            [
              72.551364,
              36.173555
            ],
            [
              72.551364,
              36.170041
            ],
            [
              72.553121,
              36.166527
            ],
            [
              72.560563,
              36.155727
            ],
            [
              72.562113,
              36.149991
            ],
            [
              72.560253,
              36.143893
            ],
            [
              72.534415,
              36.116505
            ],
            [
              72.531727,
              36.112319
            ],
            [
              72.53028,
              36.108081
            ],
            [
              72.529247,
              36.102604
            ],
            [
              72.529144,
              36.097539
            ],
            [
              72.531211,
              36.09108
            ],
            [
              72.535241,
              36.08307
            ],
            [
              72.536275,
              36.079659
            ],
            [
              72.538032,
              36.076404
            ],
            [
              72.541236,
              36.072528
            ],
            [
              72.572655,
              36.050049
            ],
            [
              72.579166,
              36.042762
            ],
            [
              72.580717,
              36.034804
            ],
            [
              72.588365,
              36.018681
            ],
            [
              72.589088,
              36.016149
            ],
            [
              72.588158,
              36.01279
            ],
            [
              72.515607,
              35.903964
            ],
            [
              72.515604,
              35.903959
            ],
            [
              72.55675,
              35.889345
            ],
            [
              72.653888,
              35.854842
            ],
            [
              72.655854,
              35.854143
            ],
            [
              72.750009,
              35.844842
            ],
            [
              72.792383,
              35.837555
            ],
            [
              72.798481,
              35.83771
            ],
            [
              72.806129,
              35.838692
            ],
            [
              72.80892,
              35.841328
            ],
            [
              72.814604,
              35.848097
            ],
            [
              72.818015,
              35.851198
            ],
            [
              72.856152,
              35.870215
            ],
            [
              72.864627,
              35.872799
            ],
            [
              72.872172,
              35.874297
            ],
            [
              72.971597,
              35.878121
            ],
            [
              72.977798,
              35.877191
            ],
            [
              72.982509,
              35.875827
            ],
            [
              72.985653,
              35.874917
            ],
            [
              73.000383,
              35.86878
            ],
            [
              73.000536,
              35.868716
            ],
            [
              73.007168,
              35.86511
            ],
            [
              73.008804,
              35.86422
            ],
            [
              73.015744,
              35.861407
            ],
            [
              73.016452,
              35.86112
            ],
            [
              73.031645,
              35.856831
            ],
            [
              73.042187,
              35.856055
            ],
            [
              73.052729,
              35.85652
            ],
            [
              73.05955,
              35.857761
            ],
            [
              73.064305,
              35.859518
            ],
            [
              73.068129,
              35.861636
            ],
            [
              73.07247,
              35.864892
            ],
            [
              73.080634,
              35.873419
            ],
            [
              73.085285,
              35.876519
            ],
            [
              73.086359,
              35.876304
            ],
            [
              73.087966,
              35.875983
            ],
            [
              73.088161,
              35.875944
            ],
            [
              73.088386,
              35.875899
            ],
            [
              73.090556,
              35.874142
            ],
            [
              73.09221,
              35.871145
            ],
            [
              73.094277,
              35.868354
            ],
            [
              73.108333,
              35.856159
            ],
            [
              73.119097,
              35.848624
            ],
            [
              73.119527,
              35.848323
            ],
            [
              73.119702,
              35.848201
            ],
            [
              73.129359,
              35.842938
            ],
            [
              73.148816,
              35.832334
            ],
            [
              73.149571,
              35.831923
            ],
            [
              73.152981,
              35.828098
            ],
            [
              73.154738,
              35.824895
            ],
            [
              73.154118,
              35.821329
            ],
            [
              73.151328,
              35.817453
            ],
            [
              73.132621,
              35.802415
            ],
            [
              73.129934,
              35.799418
            ],
            [
              73.128487,
              35.796317
            ],
            [
              73.123112,
              35.744486
            ],
            [
              73.123112,
              35.73689
            ],
            [
              73.123836,
              35.730327
            ],
            [
              73.125593,
              35.724797
            ],
            [
              73.12921,
              35.72025
            ],
            [
              73.135308,
              35.714979
            ],
            [
              73.227809,
              35.663664
            ],
            [
              73.240315,
              35.654311
            ],
            [
              73.243725,
              35.650952
            ],
            [
              73.25158,
              35.645061
            ],
            [
              73.282267,
              35.627514
            ],
            [
              73.289964,
              35.623112
            ],
            [
              73.290441,
              35.62284
            ],
            [
              73.296849,
              35.617104
            ],
            [
              73.299226,
              35.613228
            ],
            [
              73.30398,
              35.602376
            ],
            [
              73.306737,
              35.600538
            ],
            [
              73.306835,
              35.600472
            ],
            [
              73.307081,
              35.600309
            ],
            [
              73.309872,
              35.599301
            ],
            [
              73.310801,
              35.598965
            ],
            [
              73.325064,
              35.595865
            ],
            [
              73.329198,
              35.595451
            ],
            [
              73.348938,
              35.597156
            ],
            [
              73.354726,
              35.596846
            ],
            [
              73.365678,
              35.595021
            ],
            [
              73.366198,
              35.594934
            ],
            [
              73.373846,
              35.592402
            ],
            [
              73.374308,
              35.59218
            ],
            [
              73.382177,
              35.588386
            ],
            [
              73.382528,
              35.588216
            ],
            [
              73.388316,
              35.583979
            ],
            [
              73.392347,
              35.580155
            ],
            [
              73.39493,
              35.574832
            ],
            [
              73.396687,
              35.56982
            ],
            [
              73.408941,
              35.549056
            ],
            [
              73.409415,
              35.548253
            ],
            [
              73.409477,
              35.548149
            ],
            [
              73.40971,
              35.547754
            ],
            [
              73.442576,
              35.561758
            ],
            [
              73.46393,
              35.557897
            ],
            [
              73.465465,
              35.55762
            ],
            [
              73.465646,
              35.557587
            ],
            [
              73.465727,
              35.557572
            ],
            [
              73.503554,
              35.534606
            ],
            [
              73.504273,
              35.534169
            ],
            [
              73.504369,
              35.534111
            ],
            [
              73.504795,
              35.533853
            ],
            [
              73.566083,
              35.541811
            ],
            [
              73.629541,
              35.543
            ],
            [
              73.757803,
              35.527108
            ],
            [
              73.758422,
              35.527032
            ],
            [
              73.771637,
              35.522126
            ],
            [
              73.77185,
              35.522047
            ],
            [
              73.772065,
              35.521967
            ],
            [
              73.777853,
              35.505689
            ],
            [
              73.778473,
              35.50233
            ],
            [
              73.781677,
              35.460886
            ],
            [
              73.782607,
              35.456855
            ],
            [
              73.784054,
              35.452928
            ],
            [
              73.784674,
              35.449879
            ],
            [
              73.784157,
              35.44714
            ],
            [
              73.78147,
              35.444659
            ],
            [
              73.776923,
              35.442437
            ],
            [
              73.767518,
              35.439337
            ],
            [
              73.742506,
              35.427761
            ],
            [
              73.72752,
              35.417633
            ],
            [
              73.725866,
              35.415152
            ],
            [
              73.724419,
              35.412465
            ],
            [
              73.722869,
              35.408486
            ],
            [
              73.717185,
              35.397996
            ],
            [
              73.69424,
              35.36637
            ],
            [
              73.691553,
              35.361099
            ],
            [
              73.69021,
              35.35743
            ],
            [
              73.6899,
              35.354536
            ],
            [
              73.690623,
              35.348541
            ],
            [
              73.69083,
              35.345182
            ],
            [
              73.687316,
              35.31769
            ],
            [
              73.687109,
              35.313608
            ],
            [
              73.687419,
              35.310146
            ],
            [
              73.688866,
              35.306735
            ],
            [
              73.718425,
              35.264102
            ],
            [
              73.719975,
              35.258883
            ],
            [
              73.720285,
              35.254645
            ],
            [
              73.717598,
              35.239297
            ],
            [
              73.715118,
              35.234026
            ],
            [
              73.714808,
              35.23015
            ],
            [
              73.715531,
              35.225138
            ],
            [
              73.722146,
              35.215733
            ],
            [
              73.72783,
              35.211547
            ],
            [
              73.731514,
              35.209748
            ],
            [
              73.732109,
              35.209457
            ],
            [
              73.732193,
              35.209416
            ],
            [
              73.732274,
              35.209377
            ],
            [
              73.735685,
              35.209273
            ],
            [
              73.738682,
              35.20979
            ],
            [
              73.741886,
              35.211237
            ],
            [
              73.745813,
              35.213769
            ],
            [
              73.766587,
              35.231236
            ],
            [
              73.769895,
              35.233199
            ],
            [
              73.773099,
              35.234491
            ],
            [
              73.776303,
              35.23506
            ],
            [
              73.801211,
              35.234905
            ],
            [
              73.808439,
              35.233715
            ],
            [
              73.809618,
              35.233521
            ],
            [
              73.809686,
              35.233509
            ],
            [
              73.812991,
              35.232533
            ],
            [
              73.821054,
              35.23015
            ],
            [
              73.839348,
              35.221831
            ],
            [
              73.858881,
              35.204622
            ],
            [
              73.863374,
              35.202715
            ],
            [
              73.86423,
              35.202352
            ],
            [
              73.864346,
              35.202302
            ],
            [
              73.864359,
              35.202297
            ],
            [
              73.86994,
              35.202555
            ],
            [
              73.88782,
              35.208085
            ],
            [
              73.897661,
              35.206927
            ],
            [
              73.898362,
              35.206844
            ],
            [
              73.910072,
              35.203252
            ],
            [
              73.914988,
              35.201744
            ],
            [
              73.924304,
              35.198886
            ],
            [
              73.949212,
              35.172583
            ],
            [
              73.954069,
              35.170723
            ],
            [
              73.958101,
              35.169778
            ],
            [
              73.95848,
              35.169689
            ],
            [
              73.958794,
              35.169615
            ],
            [
              73.960684,
              35.169172
            ],
            [
              73.968436,
              35.17248
            ],
            [
              73.976704,
              35.17434
            ],
            [
              73.992275,
              35.175268
            ],
            [
              73.99231,
              35.17527
            ],
            [
              73.994657,
              35.174759
            ],
            [
              73.994821,
              35.174723
            ],
            [
              73.998718,
              35.173875
            ],
            [
              74.002645,
              35.171291
            ],
            [
              74.003989,
              35.168242
            ],
            [
              74.006356,
              35.165154
            ],
            [
              74.006366,
              35.165142
            ],
            [
              74.008534,
              35.163384
            ],
            [
              74.025486,
              35.149639
            ],
            [
              74.031481,
              35.146796
            ],
            [
              74.036188,
              35.145358
            ],
            [
              74.037035,
              35.145099
            ],
            [
              74.037062,
              35.145091
            ],
            [
              74.051612,
              35.143899
            ],
            [
              74.079143,
              35.141644
            ],
            [
              74.079333,
              35.141629
            ],
            [
              74.097268,
              35.141924
            ],
            [
              74.097986,
              35.141936
            ],
            [
              74.098143,
              35.141939
            ],
            [
              74.100368,
              35.141074
            ],
            [
              74.101864,
              35.140492
            ],
            [
              74.102193,
              35.139999
            ],
            [
              74.103518,
              35.138011
            ],
            [
              74.103001,
              35.134911
            ],
            [
              74.101657,
              35.130622
            ],
            [
              74.102381,
              35.126488
            ],
            [
              74.105171,
              35.121372
            ],
            [
              74.119331,
              35.111243
            ],
            [
              74.123051,
              35.107471
            ],
            [
              74.124395,
              35.105093
            ],
            [
              74.124395,
              35.105088
            ],
            [
              74.124401,
              35.104971
            ],
            [
              74.12469,
              35.099484
            ],
            [
              74.124692,
              35.099454
            ],
            [
              74.124696,
              35.099372
            ],
            [
              74.124705,
              35.099212
            ],
            [
              74.124705,
              35.099205
            ],
            [
              74.124705,
              35.099204
            ],
            [
              74.124705,
              35.099202
            ],
            [
              74.124701,
              35.099201
            ]
          ]
        ]
      },
      "properties": {
        "name": "Indian claim — Gilgit-Baltistan west / AGPL",
        "name:en": "Indian claim — Gilgit-Baltistan west / AGPL",
        "disputed": true,
        "admin_level": 2
      }
    },
    {
      "type": "Feature",
      "geometry": {
        "type": "MultiLineString",
        "coordinates": [
          [
            [
              74.824301,
              36.994125
            ],
            [
              74.792571,
              37.015158
            ],
            [
              74.719191,
              37.01645
            ],
            [
              74.692216,
              37.03588
            ],
            [
              74.677953,
              37.051693
            ],
            [
              74.66245,
              37.054484
            ]
          ],
          [
            [
              74.66245,
              37.054484
            ],
            [
              74.62607,
              37.042753
            ],
            [
              74.561784,
              37.029679
            ],
            [
              74.542354,
              37.021669
            ]
          ],
          [
            [
              75.49258,
              36.720705
            ],
            [
              75.431912,
              36.722928
            ],
            [
              75.410518,
              36.747319
            ],
            [
              75.403387,
              36.784784
            ],
            [
              75.401423,
              36.825867
            ],
            [
              75.394498,
              36.864263
            ],
            [
              75.377962,
              36.894287
            ],
            [
              75.351297,
              36.915784
            ],
            [
              75.31347,
              36.928755
            ],
            [
              75.195131,
              36.948883
            ],
            [
              75.161231,
              36.964205
            ],
            [
              75.132809,
              36.984695
            ],
            [
              75.118546,
              36.991232
            ],
            [
              75.100149,
              36.994125
            ]
          ],
          [
            [
              75.100149,
              36.994125
            ],
            [
              75.01447,
              36.984488
            ],
            [
              74.976849,
              36.984281
            ],
            [
              74.94233,
              36.976995
            ],
            [
              74.924966,
              36.970871
            ],
            [
              74.910497,
              36.962551
            ],
            [
              74.900782,
              36.949916
            ],
            [
              74.891997,
              36.920977
            ],
            [
              74.885796,
              36.911443
            ],
            [
              74.87236,
              36.907102
            ]
          ],
          [
            [
              74.87236,
              36.907102
            ],
            [
              74.866779,
              36.916559
            ],
            [
              74.860887,
              36.946893
            ],
            [
              74.853239,
              36.958985
            ],
            [
              74.824507,
              36.994125
            ]
          ],
          [
            [
              74.824507,
              36.994125
            ],
            [
              74.824301,
              36.994125
            ]
          ],
          [
            [
              75.976811,
              36.461756
            ],
            [
              75.976582,
              36.462633
            ],
            [
              75.874779,
              36.619471
            ],
            [
              75.849768,
              36.644741
            ],
            [
              75.790547,
              36.687839
            ],
            [
              75.728741,
              36.723186
            ],
            [
              75.64978,
              36.754037
            ],
            [
              75.570508,
              36.766749
            ]
          ],
          [
            [
              75.570508,
              36.766749
            ],
            [
              75.50798,
              36.747629
            ],
            [
              75.501882,
              36.737965
            ],
            [
              75.498885,
              36.72763
            ],
            [
              75.49258,
              36.720705
            ]
          ]
        ]
      },
      "properties": {
        "name": "Indian claim — northern Karakoram (Khunjerab)",
        "name:en": "Indian claim — northern Karakoram (Khunjerab)",
        "disputed": true,
        "admin_level": 2
      }
    },
    {
      "type": "Feature",
      "geometry": {
        "type": "MultiLineString",
        "coordinates": [
          [
            [
              75.981083,
              36.445444
            ],
            [
              76.149284,
              36.424548
            ],
            [
              76.238995,
              36.319903
            ]
          ],
          [
            [
              76.318576,
              36.330083
            ],
            [
              76.388856,
              36.309774
            ],
            [
              76.428647,
              36.239546
            ],
            [
              76.469265,
              36.220013
            ],
            [
              76.568277,
              36.190402
            ]
          ],
          [
            [
              76.238995,
              36.319903
            ],
            [
              76.318576,
              36.330083
            ]
          ],
          [
            [
              76.668943,
              36.190402
            ],
            [
              76.718759,
              36.159913
            ],
            [
              76.758653,
              36.110045
            ],
            [
              76.77891,
              36.039817
            ],
            [
              76.77891,
              35.979665
            ],
            [
              76.77891,
              35.910264
            ],
            [
              76.839061,
              35.859518
            ],
            [
              76.939004,
              35.840036
            ],
            [
              77.00856,
              35.819727
            ],
            [
              77.068608,
              35.779936
            ],
            [
              77.089589,
              35.740197
            ],
            [
              77.129483,
              35.730068
            ],
            [
              77.208961,
              35.709656
            ]
          ],
          [
            [
              76.568277,
              36.190402
            ],
            [
              76.668943,
              36.190402
            ]
          ],
          [
            [
              77.348591,
              35.719785
            ],
            [
              77.421351,
              35.640151
            ]
          ],
          [
            [
              77.208961,
              35.709656
            ],
            [
              77.308903,
              35.719785
            ],
            [
              77.348591,
              35.719785
            ]
          ],
          [
            [
              77.468894,
              35.651882
            ],
            [
              77.508685,
              35.580155
            ],
            [
              77.518813,
              35.484915
            ],
            [
              77.519608,
              35.477439
            ]
          ],
          [
            [
              77.421351,
              35.640151
            ],
            [
              77.468894,
              35.651882
            ]
          ]
        ]
      },
      "properties": {
        "name": "Shaksgam Valley — Indian claim",
        "name:en": "Shaksgam Valley — Indian claim",
        "disputed": true,
        "admin_level": 2
      }
    },
    {
      "type": "Feature",
      "geometry": {
        "type": "MultiLineString",
        "coordinates": [
          [
            [
              78.917694,
              33.386258
            ],
            [
              78.912526,
              33.402303
            ],
            [
              78.907566,
              33.423542
            ],
            [
              78.906015,
              33.447985
            ],
            [
              78.909839,
              33.494236
            ],
            [
              78.909839,
              33.494262
            ],
            [
              78.904052,
              33.521598
            ],
            [
              78.886895,
              33.566893
            ],
            [
              78.885241,
              33.591775
            ],
            [
              78.89599,
              33.620094
            ],
            [
              78.917384,
              33.6334
            ],
            [
              78.945393,
              33.634124
            ],
            [
              78.976192,
              33.624977
            ],
            [
              79.002547,
              33.619344
            ],
            [
              79.012779,
              33.633685
            ],
            [
              79.011332,
              33.657998
            ],
            [
              78.996139,
              33.705463
            ],
            [
              78.995209,
              33.729674
            ],
            [
              78.991281,
              33.75192
            ],
            [
              78.976192,
              33.76949
            ],
            [
              78.945393,
              33.799824
            ],
            [
              78.928753,
              33.834163
            ],
            [
              78.91604,
              33.870699
            ],
            [
              78.89754,
              33.907466
            ],
            [
              78.887515,
              33.946456
            ],
            [
              78.902811,
              33.983172
            ],
            [
              78.935057,
              34.00715
            ],
            [
              79.03934,
              34.001957
            ],
            [
              79.062388,
              33.99529
            ],
            [
              79.070656,
              33.995497
            ],
            [
              79.080992,
              34.000096
            ],
            [
              79.093911,
              34.014437
            ],
            [
              79.101662,
              34.019992
            ],
            [
              79.132255,
              34.026477
            ],
            [
              79.375961,
              34.011413
            ],
            [
              79.40552,
              34.021904
            ],
            [
              79.448514,
              34.067508
            ],
            [
              79.47642,
              34.088928
            ],
            [
              79.495023,
              34.10593
            ],
            [
              79.497814,
              34.120192
            ],
            [
              79.487272,
              34.156728
            ],
            [
              79.488202,
              34.181894
            ],
            [
              79.49802,
              34.186416
            ],
            [
              79.513937,
              34.182979
            ],
            [
              79.53285,
              34.184168
            ],
            [
              79.551557,
              34.209567
            ],
            [
              79.548353,
              34.25065
            ],
            [
              79.524686,
              34.351522
            ],
            [
              79.509493,
              34.392165
            ],
            [
              79.510319,
              34.412164
            ],
            [
              79.523032,
              34.426091
            ],
            [
              79.543599,
              34.428675
            ],
            [
              79.622871,
              34.411983
            ],
            [
              79.669586,
              34.407436
            ],
            [
              79.710588,
              34.414933
            ],
            [
              79.712684,
              34.415316
            ],
            [
              79.738006,
              34.44472
            ],
            [
              79.736766,
              34.463324
            ],
            [
              79.7255,
              34.475623
            ],
            [
              79.711444,
              34.486449
            ],
            [
              79.701729,
              34.500298
            ],
            [
              79.702142,
              34.520349
            ],
            [
              79.713615,
              34.534844
            ],
            [
              79.731495,
              34.545076
            ],
            [
              79.751442,
              34.551949
            ],
            [
              79.794436,
              34.558822
            ],
            [
              79.81335,
              34.565385
            ],
            [
              79.830713,
              34.580836
            ],
            [
              79.839292,
              34.60006
            ],
            [
              79.844563,
              34.623159
            ],
            [
              79.852107,
              34.64445
            ],
            [
              79.866783,
              34.658041
            ],
            [
              79.907298,
              34.661865
            ],
            [
              79.937725,
              34.656924
            ],
            [
              79.995768,
              34.647499
            ],
            [
              80.035249,
              34.657472
            ],
            [
              80.049718,
              34.67313
            ],
            [
              80.066358,
              34.737416
            ],
            [
              80.085582,
              34.776586
            ],
            [
              80.073872,
              34.792275
            ],
            [
              80.077907,
              34.837333
            ],
            [
              80.116557,
              34.883931
            ],
            [
              80.162606,
              34.950875
            ],
            [
              80.173845,
              35.071917
            ],
            [
              80.18325,
              35.103181
            ],
            [
              80.187958,
              35.150638
            ],
            [
              80.202574,
              35.19085
            ],
            [
              80.241832,
              35.223158
            ],
            [
              80.261281,
              35.26989
            ],
            [
              80.255494,
              35.312678
            ],
            [
              80.277714,
              35.345234
            ],
            [
              80.284045,
              35.395973
            ],
            [
              80.284419,
              35.445521
            ],
            [
              80.309434,
              35.462806
            ],
            [
              80.326316,
              35.466782
            ],
            [
              80.327118,
              35.476874
            ],
            [
              80.319211,
              35.509254
            ],
            [
              80.315531,
              35.53188
            ],
            [
              80.312246,
              35.548964
            ],
            [
              80.30597,
              35.572721
            ],
            [
              80.291504,
              35.607418
            ],
            [
              80.243571,
              35.638661
            ],
            [
              80.177905,
              35.66695
            ],
            [
              80.111073,
              35.680006
            ],
            [
              80.088493,
              35.724689
            ],
            [
              80.058235,
              35.749937
            ],
            [
              80.038239,
              35.799762
            ],
            [
              80.00452,
              35.838928
            ],
            [
              79.960285,
              35.838863
            ],
            [
              79.918553,
              35.82225
            ],
            [
              79.875561,
              35.78496
            ],
            [
              79.796442,
              35.797246
            ],
            [
              79.737537,
              35.802009
            ],
            [
              79.716357,
              35.817181
            ],
            [
              79.623335,
              35.845651
            ],
            [
              79.567577,
              35.858743
            ],
            [
              79.545666,
              35.864634
            ],
            [
              79.488646,
              35.878829
            ],
            [
              79.460819,
              35.885767
            ],
            [
              79.428257,
              35.908507
            ],
            [
              79.423916,
              35.939823
            ],
            [
              79.400249,
              35.961992
            ],
            [
              79.363662,
              35.97517
            ],
            [
              79.323664,
              35.980027
            ],
            [
              79.290075,
              35.977288
            ],
            [
              79.183621,
              35.941322
            ],
            [
              79.19405,
              35.886924
            ],
            [
              79.132534,
              35.836217
            ],
            [
              79.028084,
              35.85237
            ],
            [
              78.97143,
              35.887434
            ],
            [
              78.825264,
              35.865212
            ],
            [
              78.776748,
              35.866651
            ],
            [
              78.736543,
              35.868057
            ],
            [
              78.66479,
              35.852541
            ],
            [
              78.652284,
              35.840914
            ],
            [
              78.545314,
              35.781125
            ],
            [
              78.508934,
              35.767895
            ],
            [
              78.435243,
              35.760971
            ],
            [
              78.400206,
              35.745416
            ],
            [
              78.36672,
              35.725159
            ],
            [
              78.329926,
              35.709243
            ],
            [
              78.292616,
              35.701233
            ],
            [
              78.275769,
              35.694722
            ],
            [
              78.26099,
              35.682784
            ],
            [
              78.241043,
              35.656791
            ],
            [
              78.229364,
              35.647489
            ],
            [
              78.185542,
              35.635965
            ],
            [
              78.161875,
              35.623615
            ],
            [
              78.142341,
              35.605786
            ],
            [
              78.128802,
              35.582997
            ],
            [
              78.114849,
              35.54455
            ],
            [
              78.10162,
              35.538297
            ],
            [
              78.073301,
              35.540209
            ],
            [
              77.984521,
              35.563257
            ],
            [
              77.954755,
              35.561706
            ],
            [
              77.941216,
              35.54672
            ],
            [
              77.932018,
              35.522691
            ],
            [
              77.915171,
              35.494165
            ],
            [
              77.88985,
              35.481763
            ],
            [
              77.860291,
              35.484088
            ],
            [
              77.829492,
              35.491788
            ],
            [
              77.800346,
              35.495406
            ]
          ]
        ]
      },
      "properties": {
        "name": "Aksai Chin — Indian claim",
        "name:en": "Aksai Chin — Indian claim",
        "disputed": true,
        "admin_level": 2
      }
    },
    {
      "type": "Feature",
      "geometry": {
        "type": "MultiLineString",
        "coordinates": [
          [
            [
              96.294654,
              28.992324
            ],
            [
              96.366568,
              29.036537
            ],
            [
              96.457605,
              28.994588
            ],
            [
              96.451198,
              28.981385
            ],
            [
              96.452128,
              28.970378
            ],
            [
              96.460086,
              28.96335
            ],
            [
              96.474659,
              28.962058
            ],
            [
              96.492229,
              28.948002
            ],
            [
              96.500394,
              28.929243
            ],
            [
              96.510832,
              28.885525
            ],
            [
              96.523751,
              28.864415
            ],
            [
              96.576668,
              28.808527
            ],
            [
              96.592584,
              28.757884
            ],
            [
              96.59801,
              28.70991
            ],
            [
              96.501044,
              28.687631
            ],
            [
              96.502375,
              28.644476
            ],
            [
              96.409019,
              28.558929
            ],
            [
              96.336459,
              28.479667
            ],
            [
              96.301852,
              28.420711
            ],
            [
              96.369644,
              28.378116
            ],
            [
              96.441127,
              28.395416
            ],
            [
              96.495226,
              28.42147
            ],
            [
              96.512382,
              28.428808
            ],
            [
              96.561518,
              28.447293
            ],
            [
              96.604426,
              28.444534
            ],
            [
              96.716924,
              28.436539
            ],
            [
              96.897889,
              28.354704
            ],
            [
              96.933959,
              28.336618
            ],
            [
              96.965791,
              28.330468
            ],
            [
              96.997417,
              28.337083
            ],
            [
              97.032971,
              28.35703
            ],
            [
              97.078446,
              28.375143
            ],
            [
              97.11555,
              28.366564
            ],
            [
              97.182729,
              28.314991
            ],
            [
              97.193271,
              28.3114
            ],
            [
              97.20278,
              28.311555
            ],
            [
              97.210531,
              28.308092
            ],
            [
              97.220763,
              28.283391
            ],
            [
              97.229651,
              28.274606
            ],
            [
              97.285255,
              28.235668
            ],
            [
              97.323496,
              28.217478
            ]
          ],
          [
            [
              91.628339,
              27.852694
            ],
            [
              91.680131,
              27.849823
            ],
            [
              91.729871,
              27.804136
            ],
            [
              91.826589,
              27.807627
            ],
            [
              91.856373,
              27.764539
            ],
            [
              91.864914,
              27.729988
            ],
            [
              91.908736,
              27.7319
            ],
            [
              91.952247,
              27.72482
            ],
            [
              91.968001,
              27.746278
            ],
            [
              91.988898,
              27.769398
            ],
            [
              92.064878,
              27.761721
            ],
            [
              92.10616,
              27.786081
            ],
            [
              92.126294,
              27.812722
            ],
            [
              92.239568,
              27.865277
            ],
            [
              92.24918,
              27.862642
            ],
            [
              92.258275,
              27.848198
            ],
            [
              92.275225,
              27.811689
            ],
            [
              92.288764,
              27.793085
            ],
            [
              92.303854,
              27.78616
            ],
            [
              92.31729,
              27.803679
            ],
            [
              92.329175,
              27.832928
            ],
            [
              92.334653,
              27.831274
            ],
            [
              92.339821,
              27.815564
            ],
            [
              92.350053,
              27.802542
            ],
            [
              92.367933,
              27.803834
            ],
            [
              92.375581,
              27.821119
            ],
            [
              92.381058,
              27.842462
            ],
            [
              92.392841,
              27.856027
            ],
            [
              92.404416,
              27.853831
            ],
            [
              92.417335,
              27.828948
            ],
            [
              92.427567,
              27.821171
            ],
            [
              92.439039,
              27.82329
            ],
            [
              92.475109,
              27.846596
            ],
            [
              92.518151,
              27.839468
            ],
            [
              92.574977,
              27.847806
            ],
            [
              92.592912,
              27.868193
            ],
            [
              92.636468,
              27.89537
            ],
            [
              92.683674,
              27.91045
            ],
            [
              92.71077,
              27.949702
            ],
            [
              92.736392,
              27.985909
            ],
            [
              92.701349,
              28.025241
            ],
            [
              92.701349,
              28.037825
            ],
            [
              92.689257,
              28.048315
            ],
            [
              92.65422,
              28.052087
            ],
            [
              92.638924,
              28.057487
            ],
            [
              92.63727,
              28.071983
            ],
            [
              92.65484,
              28.105831
            ],
            [
              92.678611,
              28.133064
            ],
            [
              92.70786,
              28.155414
            ],
            [
              92.770079,
              28.192182
            ],
            [
              92.779174,
              28.195903
            ],
            [
              92.782894,
              28.190942
            ],
            [
              92.785375,
              28.183294
            ],
            [
              92.790232,
              28.178901
            ],
            [
              92.805322,
              28.178023
            ],
            [
              92.819895,
              28.179263
            ],
            [
              92.834777,
              28.183526
            ],
            [
              92.85028,
              28.19195
            ],
            [
              92.86537,
              28.205205
            ],
            [
              92.889554,
              28.235823
            ],
            [
              92.903817,
              28.249698
            ],
            [
              92.922007,
              28.258638
            ],
            [
              92.960351,
              28.270214
            ],
            [
              92.974924,
              28.282306
            ],
            [
              93.046399,
              28.302097
            ],
            [
              93.129828,
              28.325962
            ],
            [
              93.207825,
              28.340539
            ],
            [
              93.218073,
              28.394647
            ],
            [
              93.186286,
              28.431995
            ],
            [
              93.218838,
              28.457436
            ],
            [
              93.259068,
              28.496023
            ],
            [
              93.286972,
              28.520517
            ],
            [
              93.302843,
              28.556921
            ],
            [
              93.31717,
              28.603463
            ],
            [
              93.355432,
              28.624065
            ],
            [
              93.446213,
              28.671894
            ],
            [
              93.551736,
              28.678948
            ],
            [
              93.607133,
              28.672204
            ],
            [
              93.62553,
              28.67236
            ],
            [
              93.64341,
              28.68024
            ],
            [
              93.664908,
              28.690239
            ],
            [
              93.705525,
              28.691893
            ],
            [
              93.722475,
              28.696647
            ],
            [
              93.781744,
              28.680504
            ],
            [
              93.86308,
              28.704871
            ],
            [
              93.927786,
              28.682752
            ],
            [
              93.961093,
              28.729943
            ],
            [
              93.981591,
              28.768131
            ],
            [
              93.993136,
              28.801887
            ],
            [
              93.992019,
              28.844649
            ],
            [
              94.01145,
              28.85302
            ],
            [
              94.026849,
              28.864182
            ],
            [
              94.079474,
              28.883072
            ],
            [
              94.135396,
              28.897788
            ],
            [
              94.173658,
              28.930164
            ],
            [
              94.250183,
              28.933107
            ],
            [
              94.291389,
              28.977256
            ],
            [
              94.347311,
              29.024349
            ],
            [
              94.309048,
              29.059668
            ],
            [
              94.270786,
              29.09793
            ],
            [
              94.287505,
              29.147938
            ],
            [
              94.323782,
              29.146026
            ],
            [
              94.335771,
              29.149617
            ],
            [
              94.346313,
              29.159074
            ],
            [
              94.36254,
              29.185326
            ],
            [
              94.372875,
              29.196307
            ],
            [
              94.396439,
              29.207081
            ],
            [
              94.422381,
              29.210492
            ],
            [
              94.474987,
              29.210802
            ],
            [
              94.498242,
              29.21522
            ],
            [
              94.514778,
              29.22106
            ],
            [
              94.528628,
              29.23124
            ],
            [
              94.582681,
              29.302915
            ],
            [
              94.599941,
              29.316635
            ],
            [
              94.63043,
              29.319452
            ],
            [
              94.668464,
              29.30661
            ],
            [
              94.704224,
              29.284699
            ],
            [
              94.756417,
              29.230517
            ],
            [
              94.767683,
              29.213851
            ],
            [
              94.761482,
              29.174706
            ],
            [
              94.776571,
              29.166696
            ],
            [
              94.798792,
              29.166438
            ],
            [
              94.815432,
              29.168867
            ],
            [
              94.854086,
              29.170004
            ],
            [
              94.891293,
              29.160495
            ],
            [
              94.989065,
              29.153984
            ],
            [
              95.047666,
              29.140806
            ],
            [
              95.099032,
              29.11378
            ],
            [
              95.116912,
              29.108095
            ],
            [
              95.191533,
              29.09683
            ],
            [
              95.199698,
              29.094246
            ],
            [
              95.207863,
              29.089595
            ],
            [
              95.212824,
              29.081869
            ],
            [
              95.214064,
              29.073084
            ],
            [
              95.216338,
              29.064997
            ],
            [
              95.224916,
              29.059364
            ],
            [
              95.281553,
              29.052672
            ],
            [
              95.367406,
              29.036496
            ],
            [
              95.429824,
              29.046525
            ],
            [
              95.487577,
              29.068994
            ],
            [
              95.511307,
              29.131789
            ],
            [
              95.521435,
              29.137861
            ],
            [
              95.522675,
              29.161193
            ],
            [
              95.511927,
              29.197547
            ],
            [
              95.515337,
              29.209433
            ],
            [
              95.550167,
              29.212482
            ],
            [
              95.552028,
              29.22013
            ],
            [
              95.550684,
              29.230284
            ],
            [
              95.553785,
              29.239043
            ],
            [
              95.56443,
              29.245606
            ],
            [
              95.572905,
              29.24726
            ],
            [
              95.58169,
              29.247467
            ],
            [
              95.592335,
              29.249689
            ],
            [
              95.646697,
              29.22835
            ],
            [
              95.717165,
              29.218284
            ],
            [
              95.747365,
              29.273651
            ],
            [
              95.744781,
              29.340432
            ],
            [
              95.776407,
              29.345548
            ],
            [
              95.79594,
              29.352886
            ],
            [
              95.863134,
              29.323985
            ],
            [
              95.953735,
              29.359219
            ],
            [
              96.014135,
              29.364252
            ],
            [
              96.074536,
              29.369286
            ],
            [
              96.141966,
              29.368467
            ],
            [
              96.150957,
              29.354075
            ],
            [
              96.166047,
              29.303174
            ],
            [
              96.176279,
              29.286456
            ],
            [
              96.205424,
              29.256949
            ],
            [
              96.235293,
              29.241214
            ],
            [
              96.26785,
              29.24173
            ],
            [
              96.304126,
              29.261212
            ],
            [
              96.323247,
              29.27501
            ],
            [
              96.337096,
              29.279713
            ],
            [
              96.349912,
              29.274235
            ],
            [
              96.366241,
              29.257233
            ],
            [
              96.366862,
              29.244211
            ],
            [
              96.342367,
              29.210647
            ],
            [
              96.327484,
              29.180442
            ],
            [
              96.316425,
              29.171864
            ],
            [
              96.210075,
              29.145767
            ],
            [
              96.193642,
              29.136931
            ],
            [
              96.183514,
              29.123779
            ],
            [
              96.174625,
              29.108845
            ],
            [
              96.175954,
              29.017354
            ],
            [
              96.195323,
              28.941106
            ],
            [
              96.248588,
              28.945343
            ],
            [
              96.297339,
              28.995062
            ]
          ]
        ]
      },
      "properties": {
        "name": "McMahon Line",
        "name:en": "McMahon Line",
        "disputed": true,
        "admin_level": 2
      }
    },
    {
      "type": "Feature",
      "geometry": {
        "type": "MultiLineString",
        "coordinates": [
          [
            [
              77.52,
              35.477
            ],
            [
              77.6,
              35.49
            ],
            [
              77.7,
              35.49
            ],
            [
              77.800346,
              35.495406
            ]
          ]
        ]
      },
      "properties": {
        "name": "Indian claim — Shaksgam/Aksai Chin connector",
        "name:en": "Indian claim — Shaksgam/Aksai Chin connector",
        "disputed": false,
        "admin_level": 2,
        "connector": true
      }
    },
    {
      "type": "Feature",
      "geometry": {
        "type": "MultiLineString",
        "coordinates": [
          [
            [
              73.583,
              33.239
            ],
            [
              73.609,
              33.233
            ]
          ]
        ]
      },
      "properties": {
        "name": "LoC J&K south bridge",
        "name:en": "LoC J&K south bridge",
        "disputed": false,
        "admin_level": 2,
        "connector": true
      }
    },
    {
      "type": "Feature",
      "geometry": {
        "type": "MultiLineString",
        "coordinates": [
          [
            [
              88.118,
              27.861
            ],
            [
              88.127,
              27.95
            ]
          ]
        ]
      },
      "properties": {
        "name": "Nepal–Sikkim bridge",
        "name:en": "Nepal–Sikkim bridge",
        "disputed": false,
        "admin_level": 2,
        "connector": true
      }
    },
    {
      "type": "Feature",
      "geometry": {
        "type": "MultiLineString",
        "coordinates": [
          [
            [
              88.892,
              27.316
            ],
            [
              88.94,
              27.42
            ],
            [
              88.98,
              27.498
            ]
          ]
        ]
      },
      "properties": {
        "name": "India–Bhutan–China west trijunction",
        "name:en": "India–Bhutan–China west trijunction",
        "disputed": false,
        "admin_level": 2,
        "connector": true
      }
    },
    {
      "type": "Feature",
      "geometry": {
        "type": "MultiLineString",
        "coordinates": [
          [
            [
              89.106,
              27.623
            ],
            [
              89.16,
              27.71
            ],
            [
              89.225,
              27.808
            ]
          ]
        ]
      },
      "properties": {
        "name": "Bhutan–China connector (W)",
        "name:en": "Bhutan–China connector (W)",
        "disputed": false,
        "admin_level": 2,
        "connector": true
      }
    },
    {
      "type": "Feature",
      "geometry": {
        "type": "MultiLineString",
        "coordinates": [
          [
            [
              75.977,
              36.462
            ],
            [
              75.981,
              36.445
            ]
          ]
        ]
      },
      "properties": {
        "name": "Karakoram–Shaksgam junction",
        "name:en": "Karakoram–Shaksgam junction",
        "disputed": false,
        "admin_level": 2,
        "connector": true
      }
    },
    {
      "type": "Feature",
      "geometry": {
        "type": "MultiLineString",
        "coordinates": [
          [
            [
              74.317,
              32.823
            ],
            [
              74.307,
              32.81
            ]
          ]
        ]
      },
      "properties": {
        "name": "LoC–IB junction (Jammu)",
        "name:en": "LoC–IB junction (Jammu)",
        "disputed": false,
        "admin_level": 2,
        "connector": true
      }
    },
    {
      "type": "Feature",
      "geometry": {
        "type": "MultiLineString",
        "coordinates": [
          [
            [
              73.703,
              36.9108
            ],
            [
              73.7,
              36.82
            ],
            [
              73.695,
              36.71
            ]
          ]
        ]
      },
      "properties": {
        "name": "NW claim–AGPL junction",
        "name:en": "NW claim–AGPL junction",
        "disputed": false,
        "admin_level": 2,
        "connector": true
      }
    }
  ]
}